report_id,customer_id,report_date,score,report_details
1,105,2023-07-18,635,Report snapshot score 635
2,135,2024-02-16,684,Report snapshot score 684
3,103,2020-01-28,462,Report snapshot score 462
4,262,2018-04-05,348,Report snapshot score 348
5,34,2019-07-06,620,Report snapshot score 620
6,588,2020-03-19,805,Report snapshot score 805
7,860,2021-09-30,385,Report snapshot score 385
8,546,2020-07-22,651,Report snapshot score 651
9,40,2025-03-02,346,Report snapshot score 346
10,190,2019-08-19,784,Report snapshot score 784
11,977,2020-12-31,313,Report snapshot score 313
12,1000,2025-07-11,843,Report snapshot score 843
13,606,2023-07-05,680,Report snapshot score 680
14,661,2023-06-23,829,Report snapshot score 829
15,740,2020-12-05,439,Report snapshot score 439
16,938,2020-07-26,654,Report snapshot score 654
17,84,2025-01-17,338,Report snapshot score 338
18,725,2019-10-18,744,Report snapshot score 744
19,319,2020-01-13,413,Report snapshot score 413
20,652,2021-05-20,442,Report snapshot score 442
21,893,2023-12-22,822,Report snapshot score 822
22,305,2018-10-25,696,Report snapshot score 696
23,740,2020-08-10,585,Report snapshot score 585
24,897,2021-03-15,802,Report snapshot score 802
25,480,2025-04-16,491,Report snapshot score 491
26,497,2025-03-17,726,Report snapshot score 726
27,627,2020-03-25,454,Report snapshot score 454
28,6,2021-11-17,677,Report snapshot score 677
29,849,2018-11-26,675,Report snapshot score 675
30,759,2025-04-16,776,Report snapshot score 776
31,6,2020-10-25,663,Report snapshot score 663
32,889,2020-02-13,536,Report snapshot score 536
33,12,2021-03-31,524,Report snapshot score 524
34,257,2024-12-28,578,Report snapshot score 578
35,569,2019-04-03,670,Report snapshot score 670
36,926,2024-05-11,823,Report snapshot score 823
37,850,2019-08-09,698,Report snapshot score 698
38,529,2023-04-11,599,Report snapshot score 599
39,299,2020-06-22,544,Report snapshot score 544
40,690,2023-07-11,511,Report snapshot score 511
41,115,2020-12-13,311,Report snapshot score 311
42,147,2024-10-31,321,Report snapshot score 321
43,233,2018-03-24,351,Report snapshot score 351
44,559,2019-03-12,307,Report snapshot score 307
45,228,2024-10-23,392,Report snapshot score 392
46,72,2019-04-21,606,Report snapshot score 606
47,13,2023-07-07,652,Report snapshot score 652
48,383,2024-05-28,779,Report snapshot score 779
49,551,2022-11-25,472,Report snapshot score 472
50,74,2022-09-02,520,Report snapshot score 520
51,259,2023-09-04,612,Report snapshot score 612
52,758,2021-03-25,539,Report snapshot score 539
53,962,2018-09-01,641,Report snapshot score 641
54,219,2021-05-18,567,Report snapshot score 567
55,954,2025-02-10,790,Report snapshot score 790
56,996,2021-10-10,663,Report snapshot score 663
57,22,2023-10-10,451,Report snapshot score 451
58,917,2020-07-27,448,Report snapshot score 448
59,541,2025-02-14,846,Report snapshot score 846
60,572,2019-02-04,703,Report snapshot score 703
61,83,2020-08-12,768,Report snapshot score 768
62,669,2018-12-16,634,Report snapshot score 634
63,701,2023-10-13,848,Report snapshot score 848
64,878,2018-04-29,802,Report snapshot score 802
65,232,2019-08-11,796,Report snapshot score 796
66,125,2021-06-13,689,Report snapshot score 689
67,229,2021-11-29,651,Report snapshot score 651
68,302,2019-08-07,846,Report snapshot score 846
69,313,2022-11-16,832,Report snapshot score 832
70,837,2022-08-24,519,Report snapshot score 519
71,780,2025-01-31,754,Report snapshot score 754
72,182,2018-08-04,514,Report snapshot score 514
73,981,2019-11-15,504,Report snapshot score 504
74,538,2020-07-02,458,Report snapshot score 458
75,771,2019-06-04,793,Report snapshot score 793
76,63,2021-07-02,567,Report snapshot score 567
77,245,2019-07-30,788,Report snapshot score 788
78,991,2021-04-13,329,Report snapshot score 329
79,164,2022-04-05,661,Report snapshot score 661
80,352,2024-03-01,631,Report snapshot score 631
81,632,2020-01-10,568,Report snapshot score 568
82,376,2024-04-11,351,Report snapshot score 351
83,170,2020-08-23,553,Report snapshot score 553
84,124,2018-04-30,819,Report snapshot score 819
85,102,2023-08-28,662,Report snapshot score 662
86,664,2021-02-18,849,Report snapshot score 849
87,748,2018-04-08,633,Report snapshot score 633
88,765,2025-08-24,395,Report snapshot score 395
89,260,2020-08-23,828,Report snapshot score 828
90,535,2019-12-22,785,Report snapshot score 785
91,231,2023-06-23,572,Report snapshot score 572
92,926,2024-06-26,347,Report snapshot score 347
93,601,2024-06-05,565,Report snapshot score 565
94,673,2021-02-21,809,Report snapshot score 809
95,94,2023-12-28,367,Report snapshot score 367
96,740,2020-04-06,447,Report snapshot score 447
97,304,2018-06-06,716,Report snapshot score 716
98,154,2018-10-21,591,Report snapshot score 591
99,993,2022-08-03,397,Report snapshot score 397
100,238,2020-06-06,659,Report snapshot score 659
101,267,2022-11-29,493,Report snapshot score 493
102,816,2020-10-09,783,Report snapshot score 783
103,61,2019-11-23,629,Report snapshot score 629
104,330,2021-11-22,700,Report snapshot score 700
105,196,2021-04-06,422,Report snapshot score 422
106,924,2020-12-22,417,Report snapshot score 417
107,876,2025-04-02,661,Report snapshot score 661
108,475,2023-02-05,413,Report snapshot score 413
109,572,2018-08-20,760,Report snapshot score 760
110,938,2020-10-28,438,Report snapshot score 438
111,148,2025-06-03,493,Report snapshot score 493
112,634,2022-10-23,724,Report snapshot score 724
113,370,2019-07-14,845,Report snapshot score 845
114,650,2022-02-06,407,Report snapshot score 407
115,655,2020-11-26,408,Report snapshot score 408
116,608,2018-01-01,824,Report snapshot score 824
117,776,2020-01-10,758,Report snapshot score 758
118,285,2021-07-22,763,Report snapshot score 763
119,282,2022-03-09,721,Report snapshot score 721
120,358,2024-07-09,453,Report snapshot score 453
121,381,2018-03-14,799,Report snapshot score 799
122,440,2020-02-19,532,Report snapshot score 532
123,487,2020-08-02,725,Report snapshot score 725
124,296,2020-04-04,682,Report snapshot score 682
125,774,2020-08-02,807,Report snapshot score 807
126,115,2020-01-11,400,Report snapshot score 400
127,300,2022-06-03,549,Report snapshot score 549
128,55,2023-08-07,361,Report snapshot score 361
129,665,2018-08-26,636,Report snapshot score 636
130,544,2020-04-24,321,Report snapshot score 321
131,264,2019-12-05,701,Report snapshot score 701
132,223,2019-09-04,545,Report snapshot score 545
133,68,2018-07-23,481,Report snapshot score 481
134,414,2022-01-10,627,Report snapshot score 627
135,966,2023-07-30,588,Report snapshot score 588
136,489,2020-12-18,598,Report snapshot score 598
137,618,2020-03-30,705,Report snapshot score 705
138,403,2023-07-03,533,Report snapshot score 533
139,334,2019-08-12,401,Report snapshot score 401
140,410,2018-03-07,832,Report snapshot score 832
141,254,2021-05-05,347,Report snapshot score 347
142,171,2023-09-11,767,Report snapshot score 767
143,825,2021-02-18,303,Report snapshot score 303
144,633,2020-05-17,508,Report snapshot score 508
145,273,2024-11-16,700,Report snapshot score 700
146,287,2023-05-02,501,Report snapshot score 501
147,373,2020-06-15,644,Report snapshot score 644
148,889,2022-05-15,467,Report snapshot score 467
149,820,2019-03-07,632,Report snapshot score 632
150,299,2019-09-05,726,Report snapshot score 726
151,137,2022-08-22,765,Report snapshot score 765
152,866,2018-11-29,838,Report snapshot score 838
153,552,2024-10-06,461,Report snapshot score 461
154,953,2022-08-05,789,Report snapshot score 789
155,63,2019-01-03,513,Report snapshot score 513
156,442,2018-09-25,394,Report snapshot score 394
157,423,2022-05-06,749,Report snapshot score 749
158,225,2020-02-03,445,Report snapshot score 445
159,124,2025-03-18,768,Report snapshot score 768
160,665,2023-01-09,657,Report snapshot score 657
161,604,2021-02-08,368,Report snapshot score 368
162,306,2020-12-22,798,Report snapshot score 798
163,491,2020-01-01,324,Report snapshot score 324
164,787,2021-02-21,649,Report snapshot score 649
165,231,2020-07-05,753,Report snapshot score 753
166,749,2022-05-06,767,Report snapshot score 767
167,613,2019-02-19,745,Report snapshot score 745
168,141,2023-02-28,708,Report snapshot score 708
169,154,2021-01-24,550,Report snapshot score 550
170,590,2022-08-04,351,Report snapshot score 351
171,772,2022-07-01,526,Report snapshot score 526
172,40,2018-06-08,776,Report snapshot score 776
173,604,2023-12-14,477,Report snapshot score 477
174,213,2020-06-04,378,Report snapshot score 378
175,486,2023-08-11,802,Report snapshot score 802
176,773,2020-04-17,673,Report snapshot score 673
177,885,2022-09-12,526,Report snapshot score 526
178,638,2020-01-29,376,Report snapshot score 376
179,112,2023-08-25,764,Report snapshot score 764
180,568,2019-02-28,693,Report snapshot score 693
181,146,2022-04-19,838,Report snapshot score 838
182,489,2022-11-29,525,Report snapshot score 525
183,337,2025-07-16,419,Report snapshot score 419
184,951,2018-07-16,661,Report snapshot score 661
185,866,2025-02-23,773,Report snapshot score 773
186,218,2021-05-09,607,Report snapshot score 607
187,800,2022-08-15,835,Report snapshot score 835
188,352,2018-01-09,337,Report snapshot score 337
189,636,2021-04-19,759,Report snapshot score 759
190,632,2025-08-02,567,Report snapshot score 567
191,468,2025-06-20,467,Report snapshot score 467
192,600,2020-08-16,708,Report snapshot score 708
193,795,2025-04-20,401,Report snapshot score 401
194,398,2022-08-13,457,Report snapshot score 457
195,930,2024-11-01,341,Report snapshot score 341
196,558,2022-12-28,435,Report snapshot score 435
197,584,2022-06-01,692,Report snapshot score 692
198,238,2025-04-05,737,Report snapshot score 737
199,750,2023-06-30,763,Report snapshot score 763
200,848,2022-10-18,536,Report snapshot score 536
201,639,2022-03-17,694,Report snapshot score 694
202,236,2022-03-05,431,Report snapshot score 431
203,487,2020-09-04,712,Report snapshot score 712
204,12,2018-03-17,763,Report snapshot score 763
205,370,2022-02-15,311,Report snapshot score 311
206,263,2018-02-07,582,Report snapshot score 582
207,117,2020-03-12,822,Report snapshot score 822
208,237,2023-08-13,352,Report snapshot score 352
209,101,2018-09-29,770,Report snapshot score 770
210,325,2019-09-04,434,Report snapshot score 434
211,5,2025-03-15,780,Report snapshot score 780
212,612,2018-02-19,809,Report snapshot score 809
213,495,2025-03-11,814,Report snapshot score 814
214,744,2024-01-09,711,Report snapshot score 711
215,127,2023-10-17,478,Report snapshot score 478
216,383,2022-08-24,370,Report snapshot score 370
217,425,2022-10-13,567,Report snapshot score 567
218,42,2019-12-02,303,Report snapshot score 303
219,135,2024-04-16,326,Report snapshot score 326
220,149,2019-12-01,483,Report snapshot score 483
221,696,2021-05-17,601,Report snapshot score 601
222,862,2022-05-08,743,Report snapshot score 743
223,86,2022-08-20,633,Report snapshot score 633
224,95,2023-04-22,668,Report snapshot score 668
225,576,2022-11-09,707,Report snapshot score 707
226,420,2020-01-21,713,Report snapshot score 713
227,364,2023-08-02,353,Report snapshot score 353
228,306,2020-06-13,842,Report snapshot score 842
229,206,2020-03-18,479,Report snapshot score 479
230,203,2025-07-21,834,Report snapshot score 834
231,272,2018-04-14,421,Report snapshot score 421
232,192,2022-06-08,379,Report snapshot score 379
233,467,2022-07-18,560,Report snapshot score 560
234,590,2024-04-03,674,Report snapshot score 674
235,459,2022-12-26,603,Report snapshot score 603
236,172,2022-12-25,514,Report snapshot score 514
237,859,2021-07-14,568,Report snapshot score 568
238,975,2018-08-15,767,Report snapshot score 767
239,27,2021-08-11,607,Report snapshot score 607
240,480,2019-09-25,349,Report snapshot score 349
241,771,2024-12-15,436,Report snapshot score 436
242,444,2021-01-02,697,Report snapshot score 697
243,705,2021-09-02,445,Report snapshot score 445
244,602,2022-08-19,770,Report snapshot score 770
245,735,2024-08-30,557,Report snapshot score 557
246,924,2023-04-15,413,Report snapshot score 413
247,514,2024-10-10,379,Report snapshot score 379
248,719,2022-10-25,719,Report snapshot score 719
249,554,2018-06-28,801,Report snapshot score 801
250,238,2019-04-14,347,Report snapshot score 347
251,30,2018-11-21,758,Report snapshot score 758
252,583,2023-04-14,781,Report snapshot score 781
253,412,2022-04-19,347,Report snapshot score 347
254,54,2020-01-03,463,Report snapshot score 463
255,15,2018-04-12,555,Report snapshot score 555
256,706,2022-10-28,615,Report snapshot score 615
257,792,2019-06-20,522,Report snapshot score 522
258,524,2019-11-15,439,Report snapshot score 439
259,255,2021-11-08,627,Report snapshot score 627
260,186,2019-08-01,330,Report snapshot score 330
261,617,2021-06-27,403,Report snapshot score 403
262,170,2020-11-30,644,Report snapshot score 644
263,671,2022-07-03,490,Report snapshot score 490
264,649,2025-01-06,411,Report snapshot score 411
265,152,2018-04-05,473,Report snapshot score 473
266,370,2020-11-22,326,Report snapshot score 326
267,591,2020-10-31,408,Report snapshot score 408
268,82,2020-02-14,712,Report snapshot score 712
269,342,2020-12-04,656,Report snapshot score 656
270,164,2021-09-10,620,Report snapshot score 620
271,100,2022-12-27,698,Report snapshot score 698
272,328,2022-08-30,525,Report snapshot score 525
273,432,2021-05-26,631,Report snapshot score 631
274,27,2024-09-21,480,Report snapshot score 480
275,418,2019-08-28,823,Report snapshot score 823
276,950,2024-11-27,793,Report snapshot score 793
277,380,2025-08-02,802,Report snapshot score 802
278,157,2018-09-01,496,Report snapshot score 496
279,729,2019-02-11,593,Report snapshot score 593
280,710,2020-03-15,310,Report snapshot score 310
281,416,2019-02-19,606,Report snapshot score 606
282,243,2019-12-28,822,Report snapshot score 822
283,513,2022-02-08,841,Report snapshot score 841
284,592,2024-12-22,596,Report snapshot score 596
285,464,2018-06-10,321,Report snapshot score 321
286,425,2024-09-14,416,Report snapshot score 416
287,566,2024-05-07,431,Report snapshot score 431
288,229,2023-04-19,373,Report snapshot score 373
289,62,2020-11-22,610,Report snapshot score 610
290,593,2018-08-30,806,Report snapshot score 806
291,99,2025-05-14,407,Report snapshot score 407
292,229,2025-05-25,732,Report snapshot score 732
293,260,2022-10-03,355,Report snapshot score 355
294,898,2022-04-26,845,Report snapshot score 845
295,921,2023-12-02,778,Report snapshot score 778
296,528,2021-07-10,326,Report snapshot score 326
297,194,2024-09-18,402,Report snapshot score 402
298,146,2025-03-24,771,Report snapshot score 771
299,816,2023-06-06,338,Report snapshot score 338
300,345,2020-02-22,811,Report snapshot score 811
301,341,2018-11-07,819,Report snapshot score 819
302,712,2024-12-28,649,Report snapshot score 649
303,218,2020-10-27,484,Report snapshot score 484
304,858,2024-06-23,762,Report snapshot score 762
305,657,2018-08-09,535,Report snapshot score 535
306,583,2023-03-10,805,Report snapshot score 805
307,208,2020-08-08,826,Report snapshot score 826
308,4,2018-05-06,558,Report snapshot score 558
309,927,2019-01-06,562,Report snapshot score 562
310,684,2020-03-04,468,Report snapshot score 468
311,669,2022-09-08,619,Report snapshot score 619
312,651,2021-05-17,426,Report snapshot score 426
313,804,2018-02-02,570,Report snapshot score 570
314,785,2019-07-01,510,Report snapshot score 510
315,834,2019-08-01,314,Report snapshot score 314
316,35,2025-08-29,696,Report snapshot score 696
317,374,2024-02-17,684,Report snapshot score 684
318,179,2020-02-18,528,Report snapshot score 528
319,266,2024-04-20,797,Report snapshot score 797
320,537,2018-10-02,534,Report snapshot score 534
321,306,2019-11-16,395,Report snapshot score 395
322,66,2021-03-12,748,Report snapshot score 748
323,661,2021-03-03,706,Report snapshot score 706
324,480,2021-07-13,798,Report snapshot score 798
325,225,2019-11-24,624,Report snapshot score 624
326,87,2025-01-16,556,Report snapshot score 556
327,112,2021-09-27,729,Report snapshot score 729
328,72,2023-02-13,494,Report snapshot score 494
329,886,2018-12-20,481,Report snapshot score 481
330,287,2020-07-15,453,Report snapshot score 453
331,119,2024-07-08,769,Report snapshot score 769
332,587,2019-09-23,558,Report snapshot score 558
333,486,2022-06-21,416,Report snapshot score 416
334,474,2021-01-26,349,Report snapshot score 349
335,234,2021-09-03,509,Report snapshot score 509
336,725,2018-06-03,340,Report snapshot score 340
337,788,2021-09-22,692,Report snapshot score 692
338,534,2021-01-14,426,Report snapshot score 426
339,877,2023-01-13,459,Report snapshot score 459
340,502,2020-05-11,577,Report snapshot score 577
341,58,2022-05-21,802,Report snapshot score 802
342,830,2021-09-12,569,Report snapshot score 569
343,120,2020-07-19,486,Report snapshot score 486
344,394,2020-03-05,305,Report snapshot score 305
345,935,2025-06-29,405,Report snapshot score 405
346,824,2021-08-03,356,Report snapshot score 356
347,933,2024-03-08,434,Report snapshot score 434
348,135,2024-11-17,816,Report snapshot score 816
349,207,2018-07-03,455,Report snapshot score 455
350,149,2018-11-06,529,Report snapshot score 529
351,212,2023-03-19,331,Report snapshot score 331
352,260,2025-06-27,629,Report snapshot score 629
353,807,2018-06-20,521,Report snapshot score 521
354,664,2023-10-08,719,Report snapshot score 719
355,996,2018-03-07,808,Report snapshot score 808
356,169,2024-12-12,605,Report snapshot score 605
357,199,2018-05-23,720,Report snapshot score 720
358,143,2023-08-26,768,Report snapshot score 768
359,193,2021-01-28,643,Report snapshot score 643
360,127,2019-07-21,678,Report snapshot score 678
361,847,2019-04-24,752,Report snapshot score 752
362,691,2019-08-21,849,Report snapshot score 849
363,750,2021-10-07,641,Report snapshot score 641
364,556,2022-04-21,811,Report snapshot score 811
365,640,2020-09-18,422,Report snapshot score 422
366,389,2018-06-12,458,Report snapshot score 458
367,485,2023-10-03,735,Report snapshot score 735
368,201,2021-04-27,847,Report snapshot score 847
369,949,2022-12-12,729,Report snapshot score 729
370,797,2022-01-21,701,Report snapshot score 701
371,937,2019-01-27,436,Report snapshot score 436
372,543,2018-08-15,718,Report snapshot score 718
373,621,2021-11-28,625,Report snapshot score 625
374,804,2019-10-09,427,Report snapshot score 427
375,108,2018-05-26,639,Report snapshot score 639
376,218,2018-11-20,707,Report snapshot score 707
377,878,2019-03-27,642,Report snapshot score 642
378,392,2022-05-20,783,Report snapshot score 783
379,735,2024-03-17,645,Report snapshot score 645
380,629,2022-12-23,407,Report snapshot score 407
381,217,2021-01-03,374,Report snapshot score 374
382,117,2019-06-19,450,Report snapshot score 450
383,648,2024-01-07,832,Report snapshot score 832
384,69,2018-02-05,576,Report snapshot score 576
385,173,2020-05-20,632,Report snapshot score 632
386,642,2020-01-12,559,Report snapshot score 559
387,462,2024-12-14,709,Report snapshot score 709
388,328,2022-01-05,596,Report snapshot score 596
389,989,2021-12-26,344,Report snapshot score 344
390,826,2023-08-16,631,Report snapshot score 631
391,331,2020-12-05,830,Report snapshot score 830
392,907,2021-10-07,826,Report snapshot score 826
393,877,2025-02-02,344,Report snapshot score 344
394,397,2024-06-08,351,Report snapshot score 351
395,314,2020-09-11,786,Report snapshot score 786
396,528,2023-12-04,595,Report snapshot score 595
397,637,2025-03-08,611,Report snapshot score 611
398,786,2021-02-20,301,Report snapshot score 301
399,406,2018-06-08,449,Report snapshot score 449
400,808,2022-05-09,335,Report snapshot score 335
401,585,2025-02-16,674,Report snapshot score 674
402,611,2021-06-13,349,Report snapshot score 349
403,354,2025-08-15,435,Report snapshot score 435
404,108,2024-05-06,839,Report snapshot score 839
405,588,2024-12-04,318,Report snapshot score 318
406,192,2018-01-04,808,Report snapshot score 808
407,477,2023-08-05,498,Report snapshot score 498
408,53,2023-12-24,815,Report snapshot score 815
409,901,2019-01-06,637,Report snapshot score 637
410,236,2018-03-23,466,Report snapshot score 466
411,993,2024-07-03,525,Report snapshot score 525
412,212,2020-04-10,696,Report snapshot score 696
413,817,2023-03-20,759,Report snapshot score 759
414,63,2021-11-16,444,Report snapshot score 444
415,578,2023-07-14,439,Report snapshot score 439
416,362,2020-08-16,614,Report snapshot score 614
417,104,2019-08-14,759,Report snapshot score 759
418,603,2025-02-02,406,Report snapshot score 406
419,807,2020-07-07,446,Report snapshot score 446
420,383,2020-06-21,554,Report snapshot score 554
421,144,2022-01-04,832,Report snapshot score 832
422,776,2024-04-15,821,Report snapshot score 821
423,801,2020-12-01,317,Report snapshot score 317
424,312,2018-11-20,732,Report snapshot score 732
425,177,2023-06-15,581,Report snapshot score 581
426,182,2019-07-16,399,Report snapshot score 399
427,132,2025-07-14,414,Report snapshot score 414
428,91,2021-08-28,608,Report snapshot score 608
429,668,2021-01-17,617,Report snapshot score 617
430,663,2023-10-08,658,Report snapshot score 658
431,16,2019-08-20,605,Report snapshot score 605
432,775,2022-07-28,374,Report snapshot score 374
433,19,2025-08-11,372,Report snapshot score 372
434,399,2023-12-28,395,Report snapshot score 395
435,902,2018-01-15,806,Report snapshot score 806
436,105,2020-10-07,793,Report snapshot score 793
437,497,2025-08-10,801,Report snapshot score 801
438,238,2018-03-02,642,Report snapshot score 642
439,963,2019-01-26,610,Report snapshot score 610
440,650,2022-06-01,310,Report snapshot score 310
441,458,2020-02-19,805,Report snapshot score 805
442,177,2018-08-22,615,Report snapshot score 615
443,41,2020-09-23,482,Report snapshot score 482
444,964,2025-07-27,605,Report snapshot score 605
445,10,2021-03-08,610,Report snapshot score 610
446,947,2018-03-25,405,Report snapshot score 405
447,163,2018-11-05,755,Report snapshot score 755
448,570,2021-11-03,734,Report snapshot score 734
449,986,2025-03-06,510,Report snapshot score 510
450,922,2025-05-10,617,Report snapshot score 617
451,205,2022-06-27,371,Report snapshot score 371
452,281,2021-10-12,673,Report snapshot score 673
453,844,2018-05-14,386,Report snapshot score 386
454,161,2024-09-23,316,Report snapshot score 316
455,258,2020-09-05,384,Report snapshot score 384
456,935,2019-10-16,841,Report snapshot score 841
457,446,2024-01-06,735,Report snapshot score 735
458,439,2023-02-16,749,Report snapshot score 749
459,354,2022-04-20,600,Report snapshot score 600
460,409,2024-11-04,813,Report snapshot score 813
461,791,2025-07-09,506,Report snapshot score 506
462,392,2020-09-18,511,Report snapshot score 511
463,782,2019-09-10,335,Report snapshot score 335
464,583,2021-03-02,835,Report snapshot score 835
465,762,2019-01-23,716,Report snapshot score 716
466,520,2021-12-23,495,Report snapshot score 495
467,88,2024-07-13,301,Report snapshot score 301
468,705,2023-11-21,783,Report snapshot score 783
469,970,2018-05-17,368,Report snapshot score 368
470,775,2021-05-31,689,Report snapshot score 689
471,116,2023-10-12,780,Report snapshot score 780
472,904,2018-08-21,467,Report snapshot score 467
473,488,2020-07-24,432,Report snapshot score 432
474,273,2022-05-17,772,Report snapshot score 772
475,552,2020-08-05,391,Report snapshot score 391
476,313,2022-05-09,586,Report snapshot score 586
477,162,2021-09-29,329,Report snapshot score 329
478,521,2023-10-20,479,Report snapshot score 479
479,244,2019-08-03,571,Report snapshot score 571
480,648,2020-03-23,720,Report snapshot score 720
481,855,2024-05-28,742,Report snapshot score 742
482,873,2025-01-11,612,Report snapshot score 612
483,998,2025-07-13,758,Report snapshot score 758
484,695,2023-07-03,518,Report snapshot score 518
485,972,2019-09-01,555,Report snapshot score 555
486,504,2019-10-05,561,Report snapshot score 561
487,886,2024-08-19,468,Report snapshot score 468
488,619,2019-11-10,388,Report snapshot score 388
489,253,2020-08-02,441,Report snapshot score 441
490,314,2018-01-22,702,Report snapshot score 702
491,74,2023-10-19,712,Report snapshot score 712
492,702,2024-11-21,595,Report snapshot score 595
493,414,2018-03-24,666,Report snapshot score 666
494,406,2024-08-07,453,Report snapshot score 453
495,934,2023-01-09,558,Report snapshot score 558
496,946,2022-02-28,327,Report snapshot score 327
497,947,2022-02-09,716,Report snapshot score 716
498,633,2022-01-08,836,Report snapshot score 836
499,172,2022-04-16,385,Report snapshot score 385
500,929,2022-10-26,397,Report snapshot score 397
501,205,2021-02-06,527,Report snapshot score 527
502,644,2023-11-10,372,Report snapshot score 372
503,160,2021-10-20,348,Report snapshot score 348
504,190,2021-08-03,701,Report snapshot score 701
505,174,2018-12-08,753,Report snapshot score 753
506,277,2023-05-01,746,Report snapshot score 746
507,49,2021-05-12,604,Report snapshot score 604
508,60,2021-05-02,450,Report snapshot score 450
509,273,2019-03-21,595,Report snapshot score 595
510,150,2025-08-06,726,Report snapshot score 726
511,323,2022-03-17,458,Report snapshot score 458
512,433,2018-10-16,704,Report snapshot score 704
513,57,2020-11-16,713,Report snapshot score 713
514,305,2020-10-05,327,Report snapshot score 327
515,900,2018-04-21,749,Report snapshot score 749
516,165,2021-06-05,774,Report snapshot score 774
517,922,2022-05-31,696,Report snapshot score 696
518,996,2018-02-11,665,Report snapshot score 665
519,794,2020-06-11,373,Report snapshot score 373
520,861,2020-06-11,792,Report snapshot score 792
521,775,2023-12-07,514,Report snapshot score 514
522,474,2021-03-08,789,Report snapshot score 789
523,386,2022-04-05,529,Report snapshot score 529
524,505,2023-04-19,793,Report snapshot score 793
525,933,2020-01-30,612,Report snapshot score 612
526,791,2019-12-23,563,Report snapshot score 563
527,173,2023-06-01,822,Report snapshot score 822
528,320,2018-10-23,480,Report snapshot score 480
529,867,2024-01-16,803,Report snapshot score 803
530,656,2022-08-16,408,Report snapshot score 408
531,137,2023-08-30,448,Report snapshot score 448
532,437,2019-03-09,463,Report snapshot score 463
533,287,2024-07-16,772,Report snapshot score 772
534,460,2024-10-31,593,Report snapshot score 593
535,675,2023-08-31,375,Report snapshot score 375
536,597,2021-06-30,338,Report snapshot score 338
537,417,2024-03-08,424,Report snapshot score 424
538,182,2023-02-20,655,Report snapshot score 655
539,412,2019-01-05,310,Report snapshot score 310
540,302,2018-05-31,735,Report snapshot score 735
541,484,2020-02-08,446,Report snapshot score 446
542,332,2023-11-05,702,Report snapshot score 702
543,516,2020-12-26,833,Report snapshot score 833
544,74,2018-05-04,687,Report snapshot score 687
545,872,2019-10-17,582,Report snapshot score 582
546,472,2018-11-01,696,Report snapshot score 696
547,356,2022-05-24,498,Report snapshot score 498
548,645,2024-01-03,729,Report snapshot score 729
549,914,2021-07-22,371,Report snapshot score 371
550,953,2020-01-17,326,Report snapshot score 326
551,345,2020-12-12,413,Report snapshot score 413
552,364,2019-06-12,814,Report snapshot score 814
553,27,2023-06-04,813,Report snapshot score 813
554,432,2021-05-11,775,Report snapshot score 775
555,785,2023-06-04,307,Report snapshot score 307
556,117,2022-09-18,684,Report snapshot score 684
557,142,2018-03-09,454,Report snapshot score 454
558,680,2020-09-07,497,Report snapshot score 497
559,390,2019-05-30,803,Report snapshot score 803
560,32,2022-06-27,680,Report snapshot score 680
561,787,2020-09-26,373,Report snapshot score 373
562,214,2023-04-19,638,Report snapshot score 638
563,968,2022-05-05,440,Report snapshot score 440
564,960,2020-04-06,635,Report snapshot score 635
565,302,2020-07-14,674,Report snapshot score 674
566,666,2018-10-05,466,Report snapshot score 466
567,603,2018-03-20,618,Report snapshot score 618
568,369,2024-02-11,725,Report snapshot score 725
569,225,2024-03-08,662,Report snapshot score 662
570,860,2024-10-06,672,Report snapshot score 672
571,142,2021-04-03,349,Report snapshot score 349
572,348,2018-06-10,358,Report snapshot score 358
573,285,2021-07-18,389,Report snapshot score 389
574,765,2018-03-31,708,Report snapshot score 708
575,659,2022-04-11,717,Report snapshot score 717
576,13,2022-03-10,825,Report snapshot score 825
577,46,2024-06-28,623,Report snapshot score 623
578,583,2019-10-03,567,Report snapshot score 567
579,217,2024-06-30,815,Report snapshot score 815
580,88,2021-10-11,839,Report snapshot score 839
581,642,2023-09-26,552,Report snapshot score 552
582,167,2019-09-28,683,Report snapshot score 683
583,847,2023-06-27,357,Report snapshot score 357
584,173,2019-03-30,409,Report snapshot score 409
585,422,2024-02-02,699,Report snapshot score 699
586,413,2025-06-14,344,Report snapshot score 344
587,165,2024-01-17,486,Report snapshot score 486
588,538,2019-01-19,563,Report snapshot score 563
589,630,2023-09-04,703,Report snapshot score 703
590,934,2021-12-04,744,Report snapshot score 744
591,881,2025-05-15,396,Report snapshot score 396
592,847,2023-05-30,413,Report snapshot score 413
593,978,2022-02-07,564,Report snapshot score 564
594,692,2024-03-12,492,Report snapshot score 492
595,990,2022-04-22,388,Report snapshot score 388
596,759,2018-10-10,623,Report snapshot score 623
597,248,2024-04-03,525,Report snapshot score 525
598,228,2022-03-28,697,Report snapshot score 697
599,781,2025-03-03,612,Report snapshot score 612
600,292,2024-08-14,501,Report snapshot score 501
601,290,2023-03-26,588,Report snapshot score 588
602,235,2018-08-03,538,Report snapshot score 538
603,302,2025-03-18,445,Report snapshot score 445
604,441,2023-03-23,574,Report snapshot score 574
605,832,2021-10-29,705,Report snapshot score 705
606,445,2018-09-22,411,Report snapshot score 411
607,786,2021-09-09,658,Report snapshot score 658
608,409,2024-04-22,378,Report snapshot score 378
609,916,2022-08-03,303,Report snapshot score 303
610,611,2022-04-18,614,Report snapshot score 614
611,688,2018-08-24,678,Report snapshot score 678
612,450,2023-09-26,805,Report snapshot score 805
613,870,2022-10-19,727,Report snapshot score 727
614,29,2018-11-08,782,Report snapshot score 782
615,955,2024-02-10,461,Report snapshot score 461
616,693,2024-12-25,690,Report snapshot score 690
617,874,2019-01-28,591,Report snapshot score 591
618,767,2025-01-17,782,Report snapshot score 782
619,233,2018-03-11,763,Report snapshot score 763
620,300,2024-01-26,329,Report snapshot score 329
621,154,2023-02-13,809,Report snapshot score 809
622,749,2019-07-03,808,Report snapshot score 808
623,208,2018-02-21,414,Report snapshot score 414
624,844,2024-08-03,737,Report snapshot score 737
625,640,2024-07-22,612,Report snapshot score 612
626,405,2022-03-08,456,Report snapshot score 456
627,109,2023-05-01,599,Report snapshot score 599
628,896,2022-03-04,700,Report snapshot score 700
629,322,2024-03-26,848,Report snapshot score 848
630,273,2020-03-11,733,Report snapshot score 733
631,576,2021-04-26,610,Report snapshot score 610
632,863,2020-07-16,323,Report snapshot score 323
633,684,2022-05-24,835,Report snapshot score 835
634,281,2019-03-12,610,Report snapshot score 610
635,383,2023-03-25,662,Report snapshot score 662
636,356,2023-02-05,501,Report snapshot score 501
637,567,2018-09-26,650,Report snapshot score 650
638,649,2022-10-04,762,Report snapshot score 762
639,592,2024-09-05,780,Report snapshot score 780
640,659,2019-06-21,842,Report snapshot score 842
641,83,2021-11-09,734,Report snapshot score 734
642,86,2020-02-10,321,Report snapshot score 321
643,129,2025-01-12,532,Report snapshot score 532
644,878,2019-10-23,792,Report snapshot score 792
645,894,2022-07-08,520,Report snapshot score 520
646,610,2019-01-05,703,Report snapshot score 703
647,729,2025-01-31,590,Report snapshot score 590
648,798,2024-10-02,811,Report snapshot score 811
649,212,2024-06-24,761,Report snapshot score 761
650,403,2023-11-14,774,Report snapshot score 774
651,697,2022-04-20,675,Report snapshot score 675
652,598,2022-08-01,602,Report snapshot score 602
653,880,2023-08-09,411,Report snapshot score 411
654,547,2018-11-25,793,Report snapshot score 793
655,365,2020-07-18,572,Report snapshot score 572
656,40,2024-07-07,742,Report snapshot score 742
657,111,2025-02-08,751,Report snapshot score 751
658,791,2025-01-27,652,Report snapshot score 652
659,117,2018-12-23,797,Report snapshot score 797
660,324,2022-09-13,523,Report snapshot score 523
661,842,2021-03-05,586,Report snapshot score 586
662,60,2022-08-17,351,Report snapshot score 351
663,157,2019-04-28,335,Report snapshot score 335
664,603,2019-02-19,692,Report snapshot score 692
665,833,2020-01-18,743,Report snapshot score 743
666,630,2022-08-29,729,Report snapshot score 729
667,946,2023-05-22,466,Report snapshot score 466
668,791,2023-02-07,816,Report snapshot score 816
669,714,2020-09-05,519,Report snapshot score 519
670,180,2019-12-30,688,Report snapshot score 688
671,945,2020-05-01,803,Report snapshot score 803
672,205,2018-09-24,722,Report snapshot score 722
673,816,2023-10-18,478,Report snapshot score 478
674,312,2020-03-03,730,Report snapshot score 730
675,596,2023-08-11,373,Report snapshot score 373
676,773,2019-06-02,347,Report snapshot score 347
677,46,2022-10-30,784,Report snapshot score 784
678,570,2024-11-24,759,Report snapshot score 759
679,162,2022-09-25,769,Report snapshot score 769
680,124,2022-02-26,732,Report snapshot score 732
681,599,2018-12-20,608,Report snapshot score 608
682,742,2023-04-04,315,Report snapshot score 315
683,75,2019-10-08,516,Report snapshot score 516
684,975,2025-07-29,561,Report snapshot score 561
685,703,2022-01-01,599,Report snapshot score 599
686,81,2022-04-14,582,Report snapshot score 582
687,396,2018-04-22,799,Report snapshot score 799
688,703,2019-03-17,659,Report snapshot score 659
689,44,2018-01-05,741,Report snapshot score 741
690,656,2025-08-08,702,Report snapshot score 702
691,356,2019-11-11,639,Report snapshot score 639
692,927,2020-03-31,351,Report snapshot score 351
693,33,2020-12-02,635,Report snapshot score 635
694,384,2023-04-07,821,Report snapshot score 821
695,906,2022-06-27,846,Report snapshot score 846
696,884,2021-10-06,486,Report snapshot score 486
697,154,2019-09-13,429,Report snapshot score 429
698,887,2018-08-03,318,Report snapshot score 318
699,788,2022-04-26,654,Report snapshot score 654
700,739,2025-08-12,789,Report snapshot score 789
701,663,2023-01-25,613,Report snapshot score 613
702,658,2019-04-18,604,Report snapshot score 604
703,279,2019-07-10,357,Report snapshot score 357
704,85,2023-09-11,302,Report snapshot score 302
705,216,2021-03-14,447,Report snapshot score 447
706,2,2022-03-31,778,Report snapshot score 778
707,869,2019-12-10,369,Report snapshot score 369
708,947,2023-08-09,328,Report snapshot score 328
709,288,2022-10-24,727,Report snapshot score 727
710,538,2023-04-20,328,Report snapshot score 328
711,983,2025-06-04,423,Report snapshot score 423
712,819,2023-06-26,697,Report snapshot score 697
713,146,2019-05-25,382,Report snapshot score 382
714,979,2022-11-12,795,Report snapshot score 795
715,112,2019-08-25,540,Report snapshot score 540
716,42,2020-12-22,698,Report snapshot score 698
717,714,2021-11-05,819,Report snapshot score 819
718,232,2022-06-16,673,Report snapshot score 673
719,619,2024-10-31,302,Report snapshot score 302
720,766,2025-07-25,398,Report snapshot score 398
721,417,2025-07-07,725,Report snapshot score 725
722,367,2024-02-14,404,Report snapshot score 404
723,852,2020-07-09,732,Report snapshot score 732
724,818,2022-07-28,467,Report snapshot score 467
725,172,2019-09-20,339,Report snapshot score 339
726,557,2022-03-21,364,Report snapshot score 364
727,702,2018-04-23,442,Report snapshot score 442
728,103,2020-08-31,321,Report snapshot score 321
729,727,2022-01-28,325,Report snapshot score 325
730,895,2024-05-27,690,Report snapshot score 690
731,851,2020-08-25,566,Report snapshot score 566
732,497,2024-03-05,498,Report snapshot score 498
733,915,2021-04-21,842,Report snapshot score 842
734,561,2018-10-22,572,Report snapshot score 572
735,407,2018-01-26,448,Report snapshot score 448
736,267,2022-12-24,609,Report snapshot score 609
737,16,2023-04-03,609,Report snapshot score 609
738,948,2020-04-30,618,Report snapshot score 618
739,320,2021-03-13,415,Report snapshot score 415
740,687,2023-03-29,677,Report snapshot score 677
741,386,2022-10-25,694,Report snapshot score 694
742,92,2024-09-25,707,Report snapshot score 707
743,191,2018-12-25,527,Report snapshot score 527
744,175,2020-08-23,484,Report snapshot score 484
745,636,2022-03-10,310,Report snapshot score 310
746,118,2025-07-30,794,Report snapshot score 794
747,830,2022-04-25,384,Report snapshot score 384
748,41,2020-03-06,437,Report snapshot score 437
749,823,2019-02-24,701,Report snapshot score 701
750,348,2023-08-20,304,Report snapshot score 304
751,997,2024-03-28,770,Report snapshot score 770
752,154,2022-03-31,787,Report snapshot score 787
753,695,2018-05-19,639,Report snapshot score 639
754,675,2018-11-07,417,Report snapshot score 417
755,635,2020-07-08,836,Report snapshot score 836
756,549,2020-05-26,363,Report snapshot score 363
757,618,2018-03-17,577,Report snapshot score 577
758,350,2025-01-10,822,Report snapshot score 822
759,90,2022-06-05,781,Report snapshot score 781
760,858,2020-02-04,384,Report snapshot score 384
761,616,2020-09-22,310,Report snapshot score 310
762,278,2019-06-13,333,Report snapshot score 333
763,90,2024-04-18,674,Report snapshot score 674
764,600,2018-09-09,658,Report snapshot score 658
765,164,2023-05-13,532,Report snapshot score 532
766,114,2018-11-17,749,Report snapshot score 749
767,899,2022-06-01,659,Report snapshot score 659
768,890,2022-08-11,803,Report snapshot score 803
769,945,2020-01-31,490,Report snapshot score 490
770,282,2019-03-17,460,Report snapshot score 460
771,523,2022-05-15,643,Report snapshot score 643
772,746,2018-04-07,554,Report snapshot score 554
773,984,2023-10-16,619,Report snapshot score 619
774,128,2018-08-12,398,Report snapshot score 398
775,962,2025-08-03,662,Report snapshot score 662
776,825,2024-07-07,491,Report snapshot score 491
777,164,2020-01-13,570,Report snapshot score 570
778,600,2019-12-31,577,Report snapshot score 577
779,261,2020-12-15,328,Report snapshot score 328
780,735,2022-06-27,742,Report snapshot score 742
781,949,2018-12-18,653,Report snapshot score 653
782,588,2025-01-22,481,Report snapshot score 481
783,711,2019-06-09,437,Report snapshot score 437
784,54,2024-08-17,802,Report snapshot score 802
785,847,2022-04-26,584,Report snapshot score 584
786,839,2024-01-23,695,Report snapshot score 695
787,68,2024-03-09,492,Report snapshot score 492
788,767,2024-04-16,472,Report snapshot score 472
789,357,2021-10-14,421,Report snapshot score 421
790,302,2020-06-17,480,Report snapshot score 480
791,825,2018-11-01,417,Report snapshot score 417
792,726,2023-05-31,474,Report snapshot score 474
793,287,2021-12-04,686,Report snapshot score 686
794,754,2018-09-06,652,Report snapshot score 652
795,79,2023-09-28,479,Report snapshot score 479
796,57,2023-11-30,339,Report snapshot score 339
797,566,2022-08-23,416,Report snapshot score 416
798,828,2023-01-25,825,Report snapshot score 825
799,3,2023-11-26,806,Report snapshot score 806
800,941,2019-03-31,504,Report snapshot score 504
801,349,2020-07-06,830,Report snapshot score 830
802,736,2021-06-11,752,Report snapshot score 752
803,883,2020-03-14,453,Report snapshot score 453
804,272,2019-09-27,360,Report snapshot score 360
805,911,2022-01-06,775,Report snapshot score 775
806,61,2020-07-03,741,Report snapshot score 741
807,373,2024-05-18,683,Report snapshot score 683
808,595,2020-02-05,623,Report snapshot score 623
809,490,2018-04-16,804,Report snapshot score 804
810,746,2020-02-05,790,Report snapshot score 790
811,863,2025-05-03,460,Report snapshot score 460
812,616,2018-01-08,568,Report snapshot score 568
813,726,2022-10-30,850,Report snapshot score 850
814,775,2018-10-22,371,Report snapshot score 371
815,746,2022-11-28,446,Report snapshot score 446
816,937,2018-12-18,533,Report snapshot score 533
817,492,2018-07-29,485,Report snapshot score 485
818,720,2022-11-01,373,Report snapshot score 373
819,393,2023-06-27,394,Report snapshot score 394
820,396,2023-04-30,485,Report snapshot score 485
821,837,2023-07-31,354,Report snapshot score 354
822,155,2019-08-17,599,Report snapshot score 599
823,82,2018-06-05,469,Report snapshot score 469
824,428,2019-10-26,399,Report snapshot score 399
825,17,2023-12-30,511,Report snapshot score 511
826,14,2024-03-01,511,Report snapshot score 511
827,855,2020-02-04,319,Report snapshot score 319
828,783,2024-06-28,388,Report snapshot score 388
829,312,2020-07-16,425,Report snapshot score 425
830,858,2024-06-22,543,Report snapshot score 543
831,549,2020-11-11,368,Report snapshot score 368
832,801,2021-09-11,553,Report snapshot score 553
833,93,2025-08-06,370,Report snapshot score 370
834,724,2023-10-16,471,Report snapshot score 471
835,236,2018-08-08,793,Report snapshot score 793
836,842,2020-08-05,381,Report snapshot score 381
837,236,2024-08-05,773,Report snapshot score 773
838,147,2024-05-14,831,Report snapshot score 831
839,484,2020-01-06,841,Report snapshot score 841
840,462,2023-03-05,374,Report snapshot score 374
841,216,2018-06-17,609,Report snapshot score 609
842,145,2020-08-09,819,Report snapshot score 819
843,481,2025-07-09,708,Report snapshot score 708
844,517,2018-04-03,307,Report snapshot score 307
845,15,2023-06-07,769,Report snapshot score 769
846,632,2022-10-15,588,Report snapshot score 588
847,162,2023-03-02,767,Report snapshot score 767
848,755,2018-05-22,773,Report snapshot score 773
849,543,2022-02-17,452,Report snapshot score 452
850,383,2020-10-04,367,Report snapshot score 367
851,193,2023-11-15,630,Report snapshot score 630
852,873,2021-06-17,369,Report snapshot score 369
853,232,2019-05-17,771,Report snapshot score 771
854,643,2025-04-10,567,Report snapshot score 567
855,257,2024-01-10,643,Report snapshot score 643
856,829,2019-05-13,667,Report snapshot score 667
857,259,2021-02-25,474,Report snapshot score 474
858,688,2020-07-02,510,Report snapshot score 510
859,267,2020-11-12,342,Report snapshot score 342
860,180,2022-03-08,818,Report snapshot score 818
861,977,2022-01-25,639,Report snapshot score 639
862,937,2018-09-18,309,Report snapshot score 309
863,539,2023-11-21,455,Report snapshot score 455
864,649,2019-02-28,754,Report snapshot score 754
865,99,2018-01-06,835,Report snapshot score 835
866,681,2023-01-30,580,Report snapshot score 580
867,549,2021-08-24,549,Report snapshot score 549
868,83,2021-10-22,743,Report snapshot score 743
869,295,2025-07-24,706,Report snapshot score 706
870,715,2018-02-15,759,Report snapshot score 759
871,697,2019-07-06,646,Report snapshot score 646
872,257,2023-08-08,807,Report snapshot score 807
873,997,2023-08-04,638,Report snapshot score 638
874,242,2023-09-26,421,Report snapshot score 421
875,763,2023-01-17,745,Report snapshot score 745
876,550,2020-07-09,677,Report snapshot score 677
877,195,2019-06-14,581,Report snapshot score 581
878,483,2023-11-17,381,Report snapshot score 381
879,828,2019-04-04,311,Report snapshot score 311
880,868,2025-06-11,421,Report snapshot score 421
881,813,2022-10-16,454,Report snapshot score 454
882,117,2024-10-24,832,Report snapshot score 832
883,583,2023-05-22,561,Report snapshot score 561
884,800,2021-03-13,731,Report snapshot score 731
885,595,2020-04-05,392,Report snapshot score 392
886,430,2024-04-11,390,Report snapshot score 390
887,826,2021-11-13,375,Report snapshot score 375
888,398,2021-03-23,417,Report snapshot score 417
889,731,2024-11-22,319,Report snapshot score 319
890,506,2018-07-13,577,Report snapshot score 577
891,926,2021-02-13,649,Report snapshot score 649
892,119,2024-09-20,685,Report snapshot score 685
893,296,2024-06-16,485,Report snapshot score 485
894,245,2018-04-13,689,Report snapshot score 689
895,712,2022-10-10,366,Report snapshot score 366
896,871,2024-12-01,314,Report snapshot score 314
897,118,2023-05-16,578,Report snapshot score 578
898,801,2023-10-22,600,Report snapshot score 600
899,168,2021-08-04,465,Report snapshot score 465
900,276,2022-08-03,775,Report snapshot score 775
901,123,2024-09-21,523,Report snapshot score 523
902,64,2022-04-17,603,Report snapshot score 603
903,845,2023-06-21,503,Report snapshot score 503
904,705,2024-07-03,325,Report snapshot score 325
905,789,2023-12-07,790,Report snapshot score 790
906,362,2020-02-28,648,Report snapshot score 648
907,547,2025-05-02,508,Report snapshot score 508
908,166,2021-01-24,513,Report snapshot score 513
909,338,2025-06-24,669,Report snapshot score 669
910,938,2019-04-10,541,Report snapshot score 541
911,196,2020-07-16,370,Report snapshot score 370
912,925,2022-08-01,681,Report snapshot score 681
913,930,2021-01-04,501,Report snapshot score 501
914,137,2020-09-29,487,Report snapshot score 487
915,283,2022-08-29,524,Report snapshot score 524
916,360,2021-12-29,426,Report snapshot score 426
917,429,2024-12-02,808,Report snapshot score 808
918,565,2023-10-17,499,Report snapshot score 499
919,673,2023-07-28,784,Report snapshot score 784
920,494,2019-10-09,354,Report snapshot score 354
921,316,2020-07-31,809,Report snapshot score 809
922,877,2019-05-10,814,Report snapshot score 814
923,526,2024-02-26,579,Report snapshot score 579
924,146,2023-03-22,413,Report snapshot score 413
925,756,2022-03-20,735,Report snapshot score 735
926,324,2022-09-01,588,Report snapshot score 588
927,952,2021-12-26,668,Report snapshot score 668
928,752,2020-06-11,466,Report snapshot score 466
929,534,2020-12-04,318,Report snapshot score 318
930,895,2020-04-12,572,Report snapshot score 572
931,499,2022-11-07,711,Report snapshot score 711
932,307,2022-02-28,572,Report snapshot score 572
933,953,2021-06-08,300,Report snapshot score 300
934,428,2022-05-29,830,Report snapshot score 830
935,979,2024-08-30,607,Report snapshot score 607
936,154,2021-10-24,521,Report snapshot score 521
937,166,2023-10-12,493,Report snapshot score 493
938,407,2024-07-11,537,Report snapshot score 537
939,6,2025-01-07,330,Report snapshot score 330
940,76,2019-02-06,801,Report snapshot score 801
941,180,2019-04-10,494,Report snapshot score 494
942,582,2024-02-05,493,Report snapshot score 493
943,747,2018-03-11,468,Report snapshot score 468
944,37,2018-04-30,662,Report snapshot score 662
945,990,2022-10-20,649,Report snapshot score 649
946,459,2019-11-05,507,Report snapshot score 507
947,550,2022-10-23,426,Report snapshot score 426
948,418,2018-07-15,378,Report snapshot score 378
949,559,2022-10-26,371,Report snapshot score 371
950,596,2019-03-19,549,Report snapshot score 549
951,966,2022-11-02,577,Report snapshot score 577
952,1000,2018-08-31,723,Report snapshot score 723
953,607,2021-09-24,332,Report snapshot score 332
954,801,2022-01-19,377,Report snapshot score 377
955,525,2021-06-25,347,Report snapshot score 347
956,304,2025-03-23,805,Report snapshot score 805
957,931,2023-06-22,547,Report snapshot score 547
958,363,2018-05-27,541,Report snapshot score 541
959,827,2019-05-11,824,Report snapshot score 824
960,804,2023-12-07,609,Report snapshot score 609
961,602,2023-02-28,600,Report snapshot score 600
962,66,2022-05-08,529,Report snapshot score 529
963,187,2019-11-07,839,Report snapshot score 839
964,321,2021-12-23,716,Report snapshot score 716
965,878,2020-07-04,535,Report snapshot score 535
966,433,2022-07-28,305,Report snapshot score 305
967,978,2020-01-23,528,Report snapshot score 528
968,344,2019-08-25,394,Report snapshot score 394
969,510,2025-01-27,437,Report snapshot score 437
970,912,2019-03-09,420,Report snapshot score 420
971,874,2024-04-05,478,Report snapshot score 478
972,981,2023-12-30,371,Report snapshot score 371
973,254,2018-04-23,630,Report snapshot score 630
974,76,2018-03-25,458,Report snapshot score 458
975,465,2018-12-18,318,Report snapshot score 318
976,361,2025-03-10,833,Report snapshot score 833
977,90,2020-12-22,770,Report snapshot score 770
978,889,2025-01-04,729,Report snapshot score 729
979,684,2018-07-30,640,Report snapshot score 640
980,387,2019-07-30,549,Report snapshot score 549
981,925,2020-06-07,336,Report snapshot score 336
982,605,2020-11-12,769,Report snapshot score 769
983,591,2023-01-19,713,Report snapshot score 713
984,972,2023-10-12,839,Report snapshot score 839
985,345,2020-12-25,502,Report snapshot score 502
986,268,2025-03-19,694,Report snapshot score 694
987,818,2021-01-26,632,Report snapshot score 632
988,519,2019-09-30,631,Report snapshot score 631
989,265,2022-07-09,510,Report snapshot score 510
990,990,2023-05-08,512,Report snapshot score 512
991,255,2020-06-18,310,Report snapshot score 310
992,43,2020-07-01,307,Report snapshot score 307
993,279,2023-02-13,401,Report snapshot score 401
994,391,2025-06-27,714,Report snapshot score 714
995,832,2019-09-13,541,Report snapshot score 541
996,292,2025-04-25,480,Report snapshot score 480
997,375,2020-10-10,347,Report snapshot score 347
998,124,2019-05-31,838,Report snapshot score 838
999,827,2025-01-20,391,Report snapshot score 391
1000,608,2021-03-26,312,Report snapshot score 312
