guarantor_id,loan_id,name,relation,phone,address,credit_score
1,982,Jennifer Brown,Spouse,6814316891,626 Bazar,325
2,699,James Hernandez,Father,9037839514,427 Bazar,795
3,731,Elizabeth Taylor,Business Partner,9280159652,127 Main Road,850
4,727,Charles Johnson,Mother,8905612644,647 MG Road,333
5,901,Linda Jackson,Mother,8072848659,367 Bazar,823
6,108,Michael Smith,Business Partner,6429069558,860 MG Road,391
7,471,James Martin,Employer,9025485339,292 Main Road,630
8,899,Joseph Williams,Employer,6280810381,212 Main Road,416
9,63,Jennifer Martin,Father,7871928177,121 Main Road,400
10,849,Sarah Hernandez,Mother,7785703036,79 MG Road,724
11,512,James Anderson,Friend,9742860901,603 Main Road,792
12,7,Jennifer Hernandez,Business Partner,8271402917,637 MG Road,432
13,487,Patricia Thomas,Friend,7042141885,977 MG Road,707
14,552,David Thomas,Employer,9288181853,889 MG Road,361
15,805,Barbara Jones,Employer,8548277597,298 MG Road,719
16,835,Sarah Wilson,Mother,6316370936,513 Main Road,680
17,130,David Wilson,Friend,7626958339,721 Main Road,749
18,625,James Hernandez,Business Partner,7291808579,945 MG Road,382
19,434,Richard Martin,Father,6371164933,934 Main Road,512
20,296,James Hernandez,Mother,9295881287,312 MG Road,734
21,985,Karen Martin,Friend,8842009384,967 Bazar,741
22,584,Joseph Wilson,Employer,7834942143,631 Bazar,310
23,53,Joseph Moore,Mother,8161197142,826 MG Road,709
24,842,James Rodriguez,Father,9279057165,250 Main Road,734
25,278,Mary Martinez,Employer,9759200955,841 Main Road,343
26,216,Sarah Davis,Spouse,6407803544,3 MG Road,371
27,897,Patricia Williams,Spouse,7530637836,497 Bazar,792
28,56,John Moore,Mother,6052724678,954 Bazar,783
29,520,Elizabeth Martin,Father,8164639022,186 Main Road,654
30,387,James Martin,Spouse,9952736540,237 MG Road,325
31,123,Michael Johnson,Mother,9389498898,844 MG Road,501
32,584,Linda Lopez,Spouse,6220938336,253 Main Road,761
33,84,Linda Miller,Employer,7118535675,988 Main Road,797
34,165,Joseph Moore,Father,6561753985,816 MG Road,699
35,932,David Thomas,Mother,9535362430,379 MG Road,629
36,673,Elizabeth Jackson,Friend,6206635372,689 Main Road,743
37,64,Joseph Wilson,Friend,7143750464,497 MG Road,450
38,279,Michael Martinez,Business Partner,9168732528,415 Bazar,525
39,269,Thomas Hernandez,Spouse,8546018714,467 Main Road,409
40,703,David Thomas,Employer,8247766059,857 MG Road,325
41,322,Thomas Davis,Mother,7813642211,657 Bazar,782
42,652,Linda Gonzalez,Father,7864583136,979 MG Road,360
43,73,Joseph Martin,Employer,8712537067,159 Bazar,392
44,768,Mary Martin,Spouse,8679357799,182 Main Road,549
45,909,Linda Garcia,Employer,7427431572,640 Bazar,684
46,844,Sarah Davis,Spouse,7366878786,120 MG Road,737
47,866,John Johnson,Friend,7485490270,94 Main Road,396
48,222,Thomas Jones,Mother,6708002948,426 MG Road,501
49,389,David Taylor,Employer,6985432160,837 Main Road,695
50,867,Mary Hernandez,Mother,6142692704,740 Main Road,444
51,910,David Jones,Friend,9515638658,695 Main Road,378
52,755,Michael Taylor,Employer,7606901278,94 Main Road,815
53,411,Charles Martinez,Father,8632641634,306 Bazar,776
54,906,John Taylor,Employer,9435661827,141 Bazar,382
55,651,Joseph Moore,Father,9859639554,786 Main Road,701
56,430,Patricia Lopez,Spouse,7535584592,721 Bazar,308
57,674,Susan Brown,Employer,7894530548,54 MG Road,382
58,221,Susan Hernandez,Father,6632685607,190 MG Road,364
59,432,Michael Lopez,Friend,7691675789,618 MG Road,545
60,415,Elizabeth Anderson,Mother,9661846144,701 Main Road,664
61,392,Sarah Rodriguez,Mother,9484195681,104 Bazar,475
62,133,Thomas Martin,Employer,7361544288,214 Main Road,557
63,838,Patricia Rodriguez,Mother,6158645927,97 Bazar,556
64,183,Richard Anderson,Mother,7715889544,198 MG Road,633
65,920,Patricia Lopez,Mother,6391455193,45 Bazar,569
66,663,Linda Smith,Employer,6120998415,299 Main Road,526
67,92,Mary Johnson,Mother,7391924996,625 MG Road,602
68,460,Barbara Martinez,Business Partner,9403957883,493 Main Road,389
69,477,Patricia Davis,Spouse,8424336393,330 MG Road,819
70,994,William Wilson,Employer,8982737156,106 Main Road,453
71,521,Elizabeth Thomas,Father,6618097939,463 MG Road,455
72,501,Jennifer Martinez,Father,8597999586,846 Bazar,798
73,552,Michael Davis,Mother,6906810822,57 Main Road,672
74,354,Karen Anderson,Friend,6298318854,248 Main Road,651
75,135,Robert Smith,Business Partner,9901911390,158 MG Road,754
76,636,Susan Brown,Business Partner,8104182101,468 Bazar,328
77,35,John Garcia,Employer,6197027170,565 Main Road,650
78,708,John Anderson,Mother,8792998219,605 Main Road,553
79,227,Patricia Williams,Employer,8193320307,586 Main Road,551
80,372,Elizabeth Johnson,Spouse,6594019354,694 Main Road,706
81,805,William Smith,Business Partner,9785968401,396 MG Road,649
82,406,Elizabeth Miller,Mother,9770309954,622 MG Road,350
83,524,Sarah Martin,Spouse,6043956627,823 Bazar,370
84,343,Jessica Garcia,Friend,7400462324,4 Main Road,553
85,928,Susan Garcia,Mother,8591113481,550 MG Road,465
86,337,James Lopez,Mother,8186185621,401 Main Road,495
87,96,Robert Miller,Spouse,8402981960,273 Bazar,571
88,158,Mary Jackson,Spouse,6400803694,537 Main Road,602
89,283,Susan Garcia,Father,7149894267,878 MG Road,615
90,346,Jessica Jackson,Friend,6802002295,459 MG Road,389
91,818,Linda Martin,Mother,9547136307,728 MG Road,410
92,659,Thomas Johnson,Employer,9719440251,793 Bazar,463
93,681,Charles Davis,Employer,6154990564,469 Main Road,519
94,542,David Anderson,Mother,8611847699,47 MG Road,439
95,87,Susan Hernandez,Father,9537834391,325 Main Road,737
96,656,Joseph Davis,Business Partner,6814830993,450 Main Road,374
97,50,Joseph Jones,Friend,8009295177,675 Bazar,796
98,746,Susan Hernandez,Business Partner,9159218377,621 Main Road,540
99,156,Elizabeth Wilson,Father,7580431969,680 Main Road,336
100,358,James Jones,Business Partner,6388404442,98 Bazar,440
101,339,James Lopez,Employer,9553984512,896 Bazar,523
102,406,Thomas Garcia,Spouse,9308572652,67 Main Road,349
103,654,Robert Rodriguez,Business Partner,9973145403,840 Main Road,679
104,665,Robert Gonzalez,Friend,9923485838,262 Main Road,541
105,985,Elizabeth Martinez,Mother,6766219213,776 MG Road,465
106,565,Michael Anderson,Mother,9556233581,77 MG Road,308
107,190,Jessica Miller,Mother,6539179320,802 MG Road,608
108,311,Sarah Martinez,Father,8759361327,26 MG Road,579
109,364,Michael Martinez,Spouse,7178268050,403 MG Road,473
110,512,Karen Jones,Employer,6306231004,506 MG Road,795
111,181,William Davis,Mother,7126932076,479 Main Road,471
112,700,James Rodriguez,Employer,9404803813,722 Main Road,593
113,246,Jessica Gonzalez,Mother,8740198170,566 MG Road,644
114,695,Barbara Jackson,Employer,7320007518,817 Bazar,595
115,573,Jennifer Thomas,Spouse,8479731217,397 Main Road,677
116,610,Sarah Thomas,Friend,9321863854,902 Bazar,556
117,978,Patricia Davis,Father,6013281678,519 Bazar,749
118,96,Mary Wilson,Mother,6943909598,344 Bazar,412
119,404,Charles Miller,Father,8168530014,189 Bazar,570
120,763,William Gonzalez,Business Partner,7234402533,595 Main Road,708
121,904,Richard Hernandez,Friend,8997978317,425 MG Road,488
122,681,James Thomas,Friend,8779212380,145 Main Road,620
123,82,Linda Johnson,Employer,7753027707,115 MG Road,771
124,751,Linda Martinez,Business Partner,8240861871,857 Main Road,792
125,825,Karen Martinez,Employer,7281893050,77 Bazar,595
126,705,Elizabeth Garcia,Friend,7375808235,693 Main Road,627
127,229,Joseph Johnson,Spouse,8024117837,899 Main Road,578
128,634,Elizabeth Williams,Spouse,8200073538,473 Main Road,577
129,611,Patricia Hernandez,Business Partner,6050676298,178 MG Road,460
130,749,Karen Hernandez,Father,9179486011,558 Bazar,681
131,679,Sarah Martin,Friend,7614808616,528 MG Road,376
132,390,David Lopez,Father,9561770532,921 Bazar,834
133,623,Patricia Martinez,Employer,6264269282,867 Bazar,751
134,433,Karen Jackson,Father,9483272676,381 Main Road,585
135,568,James Johnson,Spouse,9136906643,517 Bazar,736
136,960,Charles Johnson,Employer,8851198156,14 Bazar,458
137,386,Jessica Taylor,Mother,6691034265,262 Bazar,315
138,752,Karen Davis,Spouse,6564083931,797 Main Road,575
139,926,Karen Anderson,Employer,7269749020,469 Main Road,474
140,169,Thomas Williams,Spouse,7449510419,80 Main Road,715
141,191,Elizabeth Martin,Employer,7005383890,758 Main Road,443
142,607,Karen Hernandez,Business Partner,8963208495,861 Bazar,438
143,36,William Miller,Father,6408133592,415 MG Road,595
144,143,Susan Davis,Business Partner,9702087028,507 Main Road,791
145,708,Jennifer Jackson,Employer,7314164891,400 Bazar,831
146,931,Barbara Taylor,Spouse,7964679006,421 MG Road,679
147,18,David Thomas,Spouse,8559208009,781 Bazar,782
148,370,Michael Martin,Mother,9508522462,583 Bazar,384
149,546,Thomas Brown,Employer,7090989292,42 Main Road,587
150,513,William Wilson,Business Partner,7537367801,942 MG Road,383
151,720,Sarah Jackson,Mother,7549863997,535 MG Road,674
152,560,Michael Johnson,Friend,7655341260,834 Bazar,440
153,695,James Hernandez,Spouse,9703586662,140 Main Road,324
154,145,William Rodriguez,Mother,9032752538,124 MG Road,795
155,735,Linda Taylor,Spouse,8639044409,395 MG Road,761
156,269,Linda Wilson,Employer,9551442691,740 Main Road,672
157,35,Joseph Smith,Father,7029174776,967 Bazar,609
158,143,Jennifer Davis,Spouse,9116926375,325 Bazar,324
159,284,Elizabeth Smith,Spouse,8146815278,739 Bazar,413
160,983,Mary Wilson,Mother,6138642993,522 Bazar,333
161,157,James Brown,Business Partner,6441061950,914 MG Road,562
162,91,Robert Lopez,Employer,9991671985,519 Main Road,345
163,299,Karen Gonzalez,Father,6585772935,659 MG Road,620
164,46,Karen Garcia,Business Partner,6134003788,128 MG Road,814
165,333,David Garcia,Friend,6365259686,502 MG Road,828
166,796,Robert Thomas,Father,6549387104,734 Main Road,422
167,133,Barbara Jackson,Mother,9296120438,451 Bazar,803
168,910,Richard Smith,Spouse,6195442381,187 Main Road,412
169,546,Michael Smith,Father,6047589753,51 Bazar,578
170,598,Barbara Jones,Spouse,9954979620,268 MG Road,308
171,764,Michael Lopez,Business Partner,9830784497,998 MG Road,821
172,659,Karen Miller,Spouse,9209308080,324 Main Road,693
173,974,Elizabeth Jackson,Spouse,7900990505,518 Bazar,764
174,636,Robert Gonzalez,Business Partner,9227975548,684 Bazar,372
175,86,Richard Williams,Friend,8981750246,683 Main Road,698
176,392,Richard Miller,Mother,7870306503,441 MG Road,382
177,526,Sarah Jones,Employer,7890274436,516 Bazar,770
178,392,Sarah Jones,Spouse,7591171039,533 Bazar,610
179,519,David Williams,Friend,7847906837,910 MG Road,736
180,229,David Anderson,Spouse,7272954867,709 Bazar,600
181,338,Jennifer Martinez,Father,9550498539,355 Main Road,415
182,423,Sarah Miller,Mother,6516171910,898 Main Road,482
183,118,Elizabeth Anderson,Mother,8818074114,244 Bazar,333
184,887,Michael Garcia,Friend,6212566871,950 Main Road,640
185,307,William Smith,Mother,8081246170,969 Main Road,395
186,928,Jennifer Rodriguez,Mother,6669368276,7 Bazar,639
187,542,Charles Garcia,Father,9087465568,765 Main Road,315
188,661,William Jones,Friend,9531410553,873 Bazar,746
189,99,Linda Gonzalez,Business Partner,8006123122,426 MG Road,614
190,641,Thomas Lopez,Mother,9802324386,551 Main Road,449
191,624,David Taylor,Father,6891694856,714 Bazar,397
192,953,Robert Smith,Father,6975161642,760 MG Road,794
193,754,Karen Gonzalez,Employer,7452945766,378 Bazar,714
194,330,Jennifer Williams,Business Partner,6377183119,488 Main Road,317
195,12,Jennifer Taylor,Father,9716167176,57 Main Road,517
196,620,James Davis,Father,7622330212,320 Bazar,425
197,386,Jessica Smith,Mother,9210016200,85 Main Road,490
198,824,Karen Johnson,Friend,8204121398,917 MG Road,582
199,2,Patricia Smith,Friend,7972066991,686 MG Road,659
200,693,James Jones,Father,9474794386,47 Bazar,646
201,598,Michael Johnson,Business Partner,7847524787,705 MG Road,823
202,279,Michael Taylor,Business Partner,6634465642,850 Bazar,392
203,250,Barbara Miller,Employer,9354148993,846 Main Road,392
204,701,Patricia Taylor,Friend,6613400100,479 Main Road,478
205,974,Karen Miller,Mother,9423584679,85 Main Road,652
206,443,John Miller,Friend,6850874324,876 MG Road,416
207,372,Charles Gonzalez,Business Partner,8611037053,820 Main Road,669
208,922,Elizabeth Martin,Business Partner,6323861519,753 Main Road,361
209,972,Sarah Moore,Spouse,9914433563,351 Main Road,702
210,242,William Brown,Business Partner,9033780621,444 MG Road,682
211,229,Patricia Wilson,Spouse,6123267826,664 MG Road,514
212,462,Linda Jackson,Mother,9918113240,56 Bazar,573
213,377,Joseph Rodriguez,Father,8888697823,129 Bazar,738
214,22,Linda Thomas,Friend,9797060802,580 MG Road,643
215,266,Robert Hernandez,Mother,6356532162,488 Bazar,324
216,977,Robert Thomas,Friend,9886909180,497 MG Road,400
217,961,Joseph Taylor,Employer,8813492990,923 Main Road,457
218,553,Joseph Taylor,Mother,9294805024,398 Main Road,309
219,49,Michael Williams,Business Partner,6734956596,956 MG Road,682
220,892,Elizabeth Taylor,Business Partner,6990426671,446 Main Road,460
221,327,Linda Martin,Friend,8106146603,116 Bazar,515
222,985,Robert Miller,Employer,7409511431,203 MG Road,451
223,73,David Hernandez,Employer,7496932197,191 MG Road,518
224,925,Charles Davis,Father,7453342210,612 Bazar,381
225,985,Mary Lopez,Business Partner,6400744741,558 Bazar,643
226,44,Jessica Jackson,Friend,9379461350,129 MG Road,820
227,966,Patricia Johnson,Business Partner,8395668535,593 MG Road,816
228,455,James Taylor,Employer,8399189134,342 MG Road,342
229,939,Mary Davis,Employer,8349980133,856 Bazar,402
230,104,Linda Jones,Father,6994524530,409 MG Road,704
231,30,Michael Davis,Friend,7185011697,577 Main Road,373
232,173,Richard Jackson,Father,7934894843,136 Bazar,814
233,62,Jessica Martin,Mother,8983426974,294 Main Road,739
234,621,Richard Martin,Father,8743126886,593 MG Road,349
235,161,Michael Williams,Employer,9276784621,247 Main Road,816
236,946,Mary Rodriguez,Spouse,9681532613,413 MG Road,305
237,506,Charles Williams,Employer,9917158024,259 Bazar,474
238,221,David Martin,Business Partner,9084075066,677 MG Road,361
239,182,Jessica Miller,Business Partner,9399905297,56 Main Road,801
240,543,Mary Hernandez,Spouse,9302178190,48 MG Road,604
241,946,William Davis,Father,6422538170,107 MG Road,739
242,499,James Lopez,Father,6589809759,703 MG Road,358
243,486,David Davis,Spouse,6848308547,363 Bazar,600
244,699,Jennifer Davis,Friend,7590075416,686 MG Road,790
245,357,Barbara Moore,Spouse,8607740949,99 MG Road,483
246,394,Elizabeth Garcia,Spouse,8437156302,84 Main Road,828
247,343,Karen Gonzalez,Father,8178409334,631 Main Road,715
248,331,Sarah Hernandez,Spouse,9145744922,451 MG Road,547
249,665,James Williams,Friend,6510714701,995 MG Road,780
250,956,Karen Jones,Spouse,6775745504,388 MG Road,827
251,872,John Williams,Spouse,9585666372,866 MG Road,759
252,124,Susan Moore,Employer,9538208789,130 MG Road,448
253,793,Patricia Thomas,Father,6362533846,286 Main Road,775
254,325,Michael Johnson,Father,7351177602,798 Main Road,358
255,339,Barbara Anderson,Business Partner,6156747258,864 MG Road,581
256,251,James Jones,Friend,9581636395,729 Main Road,763
257,670,Karen Jackson,Father,8881975968,524 MG Road,580
258,787,William Smith,Spouse,9928946913,145 Bazar,845
259,231,Robert Rodriguez,Mother,6111785240,43 Bazar,638
260,273,John Johnson,Employer,9443477364,930 Main Road,429
261,804,Karen Anderson,Employer,8969374379,417 Main Road,701
262,304,Robert Wilson,Mother,9102424587,235 Bazar,514
263,994,Patricia Miller,Mother,7532185956,426 MG Road,387
264,902,Jennifer Anderson,Spouse,6355660190,916 Bazar,618
265,14,David Lopez,Father,7864247827,943 Bazar,431
266,765,Karen Anderson,Friend,9925590736,810 MG Road,370
267,415,Patricia Wilson,Employer,6946371464,953 Main Road,727
268,90,Joseph Martinez,Friend,7083102675,561 Main Road,815
269,192,Mary Thomas,Business Partner,8517598423,877 Main Road,453
270,61,Jessica Hernandez,Friend,6080245961,273 Bazar,693
271,282,Sarah Miller,Business Partner,9661028652,474 MG Road,625
272,216,Mary Miller,Friend,7794392672,195 Bazar,414
273,499,William Taylor,Father,9081889941,985 Main Road,769
274,259,Linda Brown,Mother,6520239757,754 Bazar,484
275,471,Robert Lopez,Employer,9650611430,429 Main Road,528
276,997,Elizabeth Thomas,Spouse,9728433757,196 Bazar,407
277,491,Sarah Martinez,Business Partner,9635447029,84 Main Road,556
278,473,David Gonzalez,Father,9602357788,987 Bazar,410
279,339,Joseph Lopez,Spouse,6449176443,383 Main Road,739
280,123,William Jones,Employer,6788445447,237 Main Road,440
281,717,Sarah Garcia,Father,8665098325,449 Bazar,814
282,433,Robert Jones,Mother,8894171758,334 MG Road,583
283,744,Jennifer Jones,Father,6956847963,924 Bazar,459
284,728,Sarah Wilson,Employer,8119124999,711 Bazar,809
285,224,Jennifer Hernandez,Employer,9950372547,575 Bazar,697
286,53,Karen Jackson,Business Partner,7043519590,890 Bazar,588
287,507,Barbara Moore,Spouse,8661787237,519 Bazar,550
288,310,William Davis,Mother,9164340669,528 MG Road,401
289,611,William Smith,Employer,7212827098,375 MG Road,749
290,465,Charles Smith,Business Partner,6466238658,502 MG Road,655
291,778,Elizabeth Taylor,Employer,7124779982,580 Bazar,627
292,56,Barbara Davis,Business Partner,9992817204,860 Main Road,429
293,946,Linda Wilson,Business Partner,6059303443,453 Main Road,466
294,889,Susan Davis,Friend,7217862839,968 Bazar,319
295,391,Thomas Hernandez,Employer,7876922663,257 Main Road,673
296,819,Robert Williams,Spouse,9719918899,496 MG Road,595
297,551,Karen Hernandez,Friend,9081465207,403 Main Road,587
298,433,Elizabeth Miller,Employer,9896922792,523 Bazar,780
299,703,Karen Miller,Father,9157081707,452 MG Road,300
300,288,Richard Wilson,Friend,6254682635,737 Bazar,670
301,698,Jennifer Jones,Business Partner,9965628668,421 Bazar,404
302,852,Robert Martinez,Friend,6478251628,201 MG Road,638
303,165,James Gonzalez,Spouse,9048413643,27 Bazar,365
304,635,John Anderson,Business Partner,9813850640,15 Main Road,742
305,577,Linda Hernandez,Spouse,8190453110,624 MG Road,323
306,886,Jennifer Williams,Father,7138970396,751 MG Road,388
307,322,David Moore,Father,7722346198,502 MG Road,835
308,222,Linda Martin,Business Partner,8514458625,924 Main Road,301
309,860,Elizabeth Martin,Employer,6836893815,328 Main Road,542
310,189,Jessica Thomas,Father,6919575255,416 MG Road,525
311,154,Thomas Taylor,Business Partner,9133662633,505 Main Road,440
312,325,Joseph Wilson,Employer,9502323730,483 Main Road,485
313,416,William Davis,Friend,9973733533,611 Bazar,808
314,944,Charles Thomas,Business Partner,7447152204,141 Main Road,611
315,134,Patricia Anderson,Father,9283481090,843 Bazar,421
316,426,Thomas Rodriguez,Business Partner,8599797971,887 Bazar,640
317,583,Sarah Garcia,Business Partner,7623574765,224 Main Road,600
318,669,David Martin,Father,7399236542,714 MG Road,775
319,374,William Jackson,Employer,6235850072,283 Bazar,644
320,722,Patricia Williams,Business Partner,7096238410,116 MG Road,380
321,7,Sarah Martin,Business Partner,8294525311,948 Main Road,471
322,385,Charles Smith,Spouse,9825965000,633 Main Road,760
323,100,Michael Thomas,Mother,8542271386,130 Main Road,691
324,436,Charles Lopez,Business Partner,9683648586,737 Bazar,821
325,73,Thomas Miller,Friend,9080398363,5 MG Road,574
326,508,Linda Brown,Mother,9227680643,809 Bazar,637
327,847,William Martin,Friend,6196233956,508 Main Road,397
328,302,Charles Thomas,Friend,8126899701,318 MG Road,358
329,972,Robert Moore,Friend,8085057737,257 Bazar,397
330,426,James Anderson,Mother,9268141390,93 Bazar,835
331,369,Mary Rodriguez,Friend,8283225778,575 MG Road,646
332,372,Richard Wilson,Father,6794830965,901 Bazar,470
333,777,Elizabeth Johnson,Employer,6639071243,569 Bazar,762
334,750,Robert Anderson,Business Partner,9270015871,297 MG Road,687
335,319,Jessica Johnson,Employer,8259297889,457 MG Road,561
336,298,Charles Williams,Business Partner,7748375357,681 MG Road,793
337,719,Michael Smith,Mother,8058412739,714 Main Road,845
338,509,Charles Rodriguez,Mother,9776084552,147 Bazar,310
339,367,Mary Smith,Father,9345178897,789 Bazar,573
340,687,Michael Gonzalez,Spouse,8566272656,439 Bazar,301
341,834,Jessica Hernandez,Spouse,9371104747,840 Main Road,569
342,732,Jennifer Garcia,Mother,6910450710,881 Main Road,308
343,427,Charles Rodriguez,Mother,9334703457,305 Main Road,437
344,599,Susan Jackson,Business Partner,8843556882,225 MG Road,406
345,886,David Jones,Employer,9016941637,593 Main Road,705
346,81,Joseph Johnson,Employer,8249403137,368 Main Road,415
347,574,Thomas Jones,Friend,7145429418,619 Bazar,314
348,946,Charles Rodriguez,Father,9019659295,188 Main Road,614
349,496,Robert Martinez,Friend,6876428682,220 MG Road,501
350,310,David Moore,Business Partner,9129803500,293 MG Road,581
351,197,Mary Taylor,Employer,9997245408,304 MG Road,746
352,885,Susan Wilson,Business Partner,7272285402,505 Bazar,339
353,341,Elizabeth Thomas,Father,9408727197,975 Bazar,708
354,121,Linda Johnson,Friend,8560800488,370 Main Road,352
355,483,Patricia Davis,Father,9204139165,515 MG Road,458
356,675,Thomas Thomas,Employer,7374937720,164 Main Road,436
357,742,William Martinez,Father,9607426965,427 Bazar,645
358,197,Barbara Williams,Friend,6344678708,477 MG Road,423
359,568,Thomas Jones,Mother,6333098960,958 MG Road,422
360,455,Robert Davis,Friend,9103816510,72 MG Road,428
361,910,Sarah Johnson,Father,6196370316,783 MG Road,642
362,623,Elizabeth Smith,Employer,8741905428,708 Main Road,558
363,636,Barbara Smith,Mother,6873817690,261 Main Road,754
364,30,Barbara Anderson,Friend,6865573885,403 Bazar,573
365,116,Elizabeth Johnson,Mother,6786902199,398 Bazar,656
366,435,Jennifer Smith,Employer,7166724428,522 Main Road,701
367,82,Sarah Johnson,Mother,8259988737,523 MG Road,522
368,577,Thomas Moore,Spouse,6830214890,487 Main Road,428
369,984,Patricia Williams,Employer,6878021842,648 Bazar,371
370,569,David Williams,Business Partner,8068070234,321 Bazar,546
371,35,Karen Thomas,Mother,8943294401,19 Main Road,812
372,725,Richard Moore,Father,8353130955,153 MG Road,587
373,932,John Jones,Employer,9161282163,847 MG Road,638
374,42,Susan Jackson,Employer,8769846970,871 MG Road,482
375,66,William Rodriguez,Spouse,8838168416,644 Main Road,732
376,906,Michael Williams,Spouse,7758898071,975 Bazar,799
377,786,James Rodriguez,Business Partner,9746068771,991 MG Road,399
378,373,Patricia Wilson,Business Partner,7799070138,598 Main Road,621
379,204,Karen Jones,Father,8299101260,102 Bazar,410
380,696,Robert Martinez,Friend,7075895520,673 Bazar,348
381,461,Sarah Moore,Employer,8680547955,52 Main Road,354
382,814,Joseph Thomas,Mother,6094035468,592 Bazar,543
383,634,Jennifer Garcia,Mother,8261186573,149 MG Road,306
384,142,Patricia Lopez,Mother,6841481185,276 Bazar,838
385,313,Patricia Anderson,Business Partner,9021927261,996 MG Road,541
386,129,Jennifer Hernandez,Friend,6388694740,450 Main Road,395
387,528,Barbara Johnson,Friend,7315243046,112 Bazar,765
388,713,Jessica Davis,Mother,6103565303,223 Main Road,312
389,906,Jessica Brown,Spouse,8483462165,726 Bazar,764
390,39,Michael Anderson,Employer,9086646005,271 Main Road,682
391,486,Susan Anderson,Friend,8908194981,220 MG Road,589
392,124,Michael Brown,Business Partner,8619235749,966 MG Road,514
393,191,Jennifer Davis,Employer,7287486382,767 Main Road,846
394,37,Mary Johnson,Spouse,6129761111,938 Main Road,748
395,118,Barbara Gonzalez,Business Partner,7737236094,216 Main Road,845
396,714,David Wilson,Employer,8260032029,681 MG Road,364
397,37,Charles Martin,Employer,8112674023,795 MG Road,569
398,548,Jennifer Martin,Father,7190273182,370 MG Road,669
399,505,Michael Jones,Business Partner,7756213619,649 Main Road,503
400,61,Barbara Wilson,Mother,8941646323,366 Bazar,753
401,152,Robert Miller,Friend,6104330614,595 MG Road,575
402,319,Jennifer Moore,Employer,7077312343,998 Main Road,516
403,96,Susan Smith,Spouse,8572514487,398 Bazar,340
404,640,Patricia Miller,Mother,6035994192,909 Main Road,773
405,176,Richard Jones,Employer,6630883813,518 Main Road,656
406,56,Elizabeth Lopez,Mother,9419750459,784 Bazar,450
407,919,Thomas Jones,Spouse,9876099216,556 Main Road,824
408,942,Mary Jones,Business Partner,7404017617,471 Main Road,683
409,525,Charles Miller,Employer,8047065690,159 Main Road,404
410,777,James Moore,Employer,7807996531,448 Main Road,388
411,476,Jennifer Moore,Business Partner,8355515520,331 Bazar,678
412,927,John Moore,Employer,7577903335,670 Main Road,535
413,613,William Lopez,Mother,7188926398,355 MG Road,512
414,847,Thomas Lopez,Mother,6471981425,301 Main Road,427
415,79,John Johnson,Business Partner,7582825418,356 Bazar,773
416,754,Charles Rodriguez,Mother,6734437468,937 Bazar,552
417,808,William Brown,Mother,6627024727,314 MG Road,723
418,708,Jennifer Taylor,Employer,9152077374,552 Bazar,517
419,385,David Brown,Employer,7499830457,423 Main Road,583
420,366,Susan Smith,Mother,7500270403,414 Main Road,425
421,637,Jessica Miller,Employer,9132561371,638 Main Road,567
422,66,Jessica Gonzalez,Business Partner,8688786703,751 Bazar,646
423,479,James Thomas,Friend,8552543234,272 Bazar,398
424,177,James Johnson,Mother,6558044213,377 Bazar,689
425,386,Michael Thomas,Father,6758938488,82 Main Road,830
426,488,James Jackson,Father,9886733114,155 Bazar,745
427,428,Joseph Brown,Friend,6933074477,567 MG Road,520
428,211,Jessica Martin,Friend,6413110762,219 MG Road,463
429,649,Jessica Williams,Business Partner,7518516165,91 MG Road,523
430,150,Susan Jackson,Father,6397329563,557 Main Road,495
431,801,Susan Davis,Friend,7610776065,849 MG Road,793
432,787,Elizabeth Garcia,Father,8318175958,759 Main Road,349
433,39,Jennifer Brown,Employer,6475991972,939 MG Road,607
434,845,John Gonzalez,Business Partner,7221890149,278 Bazar,766
435,634,Susan Taylor,Employer,6674550814,263 Bazar,546
436,136,Michael Williams,Friend,8699677533,267 Bazar,608
437,700,Thomas Thomas,Business Partner,7130919502,116 Main Road,446
438,831,James Miller,Father,7284439778,476 Main Road,616
439,695,Thomas Taylor,Father,9412287945,389 MG Road,782
440,312,Jessica Davis,Employer,7025865916,755 Main Road,734
441,640,Elizabeth Thomas,Father,8206861762,828 MG Road,591
442,288,Karen Martin,Employer,7517068141,392 Main Road,774
443,159,Barbara Lopez,Mother,9509042676,746 Main Road,623
444,701,Barbara Hernandez,Friend,6023197106,870 Main Road,481
445,195,Michael Taylor,Employer,9162051372,142 Main Road,410
446,430,Charles Brown,Mother,9022926393,645 MG Road,726
447,556,Linda Brown,Business Partner,9495067830,648 MG Road,443
448,933,Thomas Hernandez,Father,7025296168,262 MG Road,497
449,917,David Martin,Father,8146330155,764 MG Road,700
450,477,John Lopez,Father,7370776772,162 Main Road,693
451,187,Patricia Thomas,Father,6063768768,518 Main Road,819
452,70,Michael Garcia,Employer,8515458362,922 MG Road,396
453,864,Patricia Brown,Employer,9787392100,711 MG Road,771
454,621,Sarah Martinez,Father,7577411910,663 Bazar,443
455,504,Linda Rodriguez,Spouse,8586668379,625 Bazar,693
456,364,Karen Moore,Employer,8292807312,765 Bazar,482
457,689,Mary Moore,Spouse,8251462364,814 MG Road,574
458,780,David Hernandez,Father,9924888181,193 Bazar,396
459,442,Linda Johnson,Friend,9092199651,853 MG Road,512
460,355,Karen Jackson,Employer,7389788468,466 Bazar,654
461,75,Robert Garcia,Business Partner,7499420942,844 MG Road,806
462,430,Charles Taylor,Spouse,8243290308,147 Bazar,448
463,689,William Williams,Father,8990232321,280 MG Road,316
464,676,Joseph Williams,Business Partner,6167874216,90 Bazar,654
465,429,Linda Davis,Employer,6423659870,536 Bazar,342
466,647,Jessica Lopez,Business Partner,8689086936,510 Main Road,584
467,295,Karen Miller,Business Partner,6742151566,150 Bazar,500
468,193,Mary Thomas,Spouse,6697755414,914 MG Road,452
469,563,Karen Davis,Father,9321232034,715 MG Road,618
470,588,Sarah Moore,Father,7800985293,579 Main Road,577
471,38,Susan Miller,Friend,6594064664,80 Bazar,516
472,443,Susan Brown,Business Partner,7596312215,621 MG Road,466
473,186,William Jackson,Friend,7054819199,535 MG Road,675
474,832,Richard Martin,Friend,6408937864,428 Bazar,380
475,465,David Lopez,Business Partner,7252156528,835 MG Road,548
476,222,Mary Taylor,Father,7585147734,693 MG Road,370
477,665,Linda Smith,Father,6344571860,42 Bazar,640
478,566,Charles Martin,Business Partner,6482847474,111 Main Road,561
479,809,Linda Martinez,Business Partner,9098215035,982 MG Road,557
480,590,William Williams,Spouse,9163569351,397 MG Road,497
481,916,Barbara Martinez,Friend,7618303980,202 Bazar,316
482,452,Michael Taylor,Friend,7444520256,446 Main Road,728
483,124,Charles Williams,Father,9355959527,177 Bazar,601
484,664,Charles Smith,Spouse,9214205090,44 MG Road,447
485,491,Robert Martinez,Business Partner,6482142641,629 Main Road,661
486,31,Robert Taylor,Employer,9803707296,690 Main Road,502
487,250,Sarah Williams,Friend,7125076441,358 Main Road,849
488,718,Barbara Wilson,Mother,8011467916,366 Main Road,785
489,995,Joseph Anderson,Employer,9263582844,202 MG Road,373
490,654,Thomas Gonzalez,Friend,9813548731,209 MG Road,754
491,152,Richard Hernandez,Friend,8937115716,540 MG Road,762
492,174,Mary Johnson,Spouse,7351239604,67 Main Road,678
493,366,Karen Williams,Spouse,6297731616,481 Bazar,449
494,451,Linda Davis,Business Partner,9442439623,957 Main Road,354
495,192,Patricia Martinez,Mother,6428390664,497 MG Road,389
496,632,Karen Taylor,Employer,9686132179,535 MG Road,525
497,713,Joseph Jones,Mother,7099664597,136 Bazar,445
498,202,Elizabeth Rodriguez,Business Partner,9457185718,146 Bazar,358
499,929,Joseph Brown,Mother,6623052779,976 Bazar,544
500,32,Jennifer Hernandez,Mother,8873647878,13 MG Road,780
501,999,Robert Davis,Mother,7223060205,874 Bazar,580
502,276,William Rodriguez,Father,9906818999,348 MG Road,502
503,679,Joseph Martinez,Business Partner,8336436591,552 Main Road,357
504,367,David Rodriguez,Employer,6051558770,47 Main Road,779
505,760,Jennifer Hernandez,Mother,9509778219,589 Bazar,559
506,314,Karen Davis,Father,8454765991,719 Bazar,831
507,720,Jennifer Miller,Mother,9589646570,996 Bazar,443
508,912,John Lopez,Mother,9895893582,682 MG Road,830
509,892,Jennifer Miller,Mother,6653168092,801 MG Road,386
510,518,Susan Brown,Friend,6738059891,406 Bazar,593
511,360,Richard Johnson,Employer,8209721948,44 Main Road,833
512,452,Robert Williams,Father,6959739726,672 Bazar,609
513,498,Mary Martinez,Father,6781783574,842 MG Road,799
514,269,Karen Miller,Father,8937224919,870 MG Road,534
515,526,Jennifer Martin,Business Partner,9778560844,378 Main Road,531
516,391,Linda Williams,Spouse,9108717197,818 Main Road,541
517,467,Mary Davis,Employer,9067101862,549 Main Road,761
518,453,Robert Wilson,Father,9303046681,210 MG Road,493
519,834,Richard Smith,Friend,6832623233,354 Bazar,328
520,803,Richard Anderson,Business Partner,9690708579,15 MG Road,525
521,768,Patricia Anderson,Spouse,6192963897,901 Bazar,401
522,17,David Davis,Spouse,6581223434,889 MG Road,744
523,984,Jennifer Jones,Employer,7752054671,366 MG Road,461
524,107,Patricia Jackson,Employer,9108309754,429 Main Road,577
525,487,John Miller,Mother,7192739002,87 Bazar,411
526,164,Karen Brown,Business Partner,9378483404,722 Main Road,711
527,916,Mary Gonzalez,Mother,7396684673,869 MG Road,727
528,816,John Miller,Business Partner,8229749643,99 Bazar,576
529,527,Joseph Taylor,Friend,8145008887,860 Main Road,775
530,76,John Smith,Employer,9692721363,46 Bazar,548
531,975,Michael Garcia,Father,9974875736,464 Bazar,707
532,185,Barbara Thomas,Mother,6371214007,396 Bazar,679
533,441,Robert Moore,Spouse,8417165539,677 Bazar,385
534,924,Richard Martin,Father,7539684300,557 Bazar,454
535,808,James Martin,Father,6072363701,925 MG Road,541
536,821,Susan Wilson,Friend,9413166239,336 Bazar,341
537,650,Sarah Garcia,Friend,6986615914,226 Main Road,766
538,610,Karen Anderson,Business Partner,8747296077,921 Bazar,509
539,73,Barbara Taylor,Employer,9096212543,195 Main Road,632
540,484,Elizabeth Taylor,Spouse,8202009380,415 Bazar,647
541,554,Jessica Davis,Business Partner,6795072231,375 Main Road,602
542,899,Elizabeth Davis,Mother,8308386227,820 Main Road,458
543,983,Michael Rodriguez,Father,9257571368,260 MG Road,520
544,591,Karen Brown,Father,8458172465,732 Main Road,813
545,991,Susan Garcia,Father,6414304886,883 MG Road,801
546,373,Karen Wilson,Spouse,8149889165,553 Main Road,479
547,35,Richard Thomas,Employer,9772127186,477 Bazar,471
548,205,Sarah Martinez,Mother,8200581668,789 MG Road,825
549,178,Richard Jackson,Business Partner,7564924627,689 Main Road,319
550,63,John Smith,Mother,9898105433,537 MG Road,402
551,184,Patricia Jackson,Mother,9848206200,264 Bazar,596
552,414,Michael Miller,Father,6728812234,586 Main Road,533
553,851,Charles Jackson,Spouse,8518582906,590 Bazar,457
554,814,Jessica Martinez,Father,9912329004,206 MG Road,462
555,796,John Davis,Mother,8264698207,214 Bazar,343
556,421,Sarah Rodriguez,Father,6244211585,769 Main Road,393
557,335,Richard Miller,Employer,6942274396,375 MG Road,542
558,2,Linda Martin,Employer,7316245779,848 Bazar,442
559,752,Mary Williams,Mother,9722882867,788 MG Road,351
560,210,Elizabeth Jones,Mother,8331193689,588 Bazar,642
561,719,Patricia Moore,Business Partner,9207052850,168 Main Road,529
562,129,Barbara Gonzalez,Spouse,6065064359,728 Bazar,592
563,720,Sarah Martinez,Friend,9006234269,683 Main Road,668
564,370,Susan Jackson,Employer,9065915927,8 MG Road,499
565,409,Barbara Rodriguez,Spouse,7052842845,128 Bazar,649
566,490,Elizabeth Davis,Spouse,8012069316,606 Main Road,679
567,430,Elizabeth Davis,Mother,8038822322,209 MG Road,457
568,834,Charles Martin,Employer,7628858432,57 Main Road,546
569,177,Mary Wilson,Father,9412531871,93 MG Road,423
570,985,Joseph Smith,Spouse,9273448634,219 Main Road,731
571,782,Barbara Smith,Employer,7211016711,205 MG Road,773
572,959,Robert Rodriguez,Father,8790209207,826 Main Road,614
573,603,Mary Martin,Friend,8362547149,167 Main Road,721
574,623,Sarah Brown,Friend,8951311394,996 MG Road,728
575,295,Robert Johnson,Business Partner,9105355303,762 Main Road,558
576,232,Joseph Hernandez,Business Partner,6312227487,688 Main Road,786
577,503,Thomas Martinez,Mother,7570712518,121 MG Road,390
578,444,David Taylor,Employer,8074892720,573 Main Road,378
579,69,Charles Gonzalez,Friend,7116149257,682 Main Road,764
580,350,Michael Williams,Friend,6634166434,680 Main Road,791
581,44,Susan Gonzalez,Employer,8645584635,611 Bazar,678
582,360,John Hernandez,Spouse,6256207320,254 MG Road,452
583,904,Susan Jones,Spouse,7949037280,341 MG Road,716
584,967,Susan Gonzalez,Employer,8910920139,980 MG Road,466
585,571,Karen Martinez,Friend,6433020209,710 Main Road,675
586,325,William Lopez,Father,9705017925,115 Bazar,798
587,787,David Hernandez,Employer,7580347039,528 MG Road,840
588,156,John Lopez,Friend,6068459733,607 Main Road,731
589,314,Richard Jones,Business Partner,8605265757,364 Main Road,749
590,189,Michael Smith,Employer,7407204423,330 Main Road,601
591,226,Susan Martinez,Spouse,8504663537,232 Main Road,613
592,781,Jessica Jackson,Father,8977419895,571 Bazar,785
593,762,Susan Moore,Employer,9351439288,209 Bazar,576
594,861,Charles Brown,Friend,8494950876,498 MG Road,674
595,449,Richard Jones,Employer,8534716971,310 Bazar,330
596,408,Linda Miller,Spouse,9122299248,912 Bazar,390
597,823,Thomas Wilson,Mother,9068114556,415 Main Road,779
598,825,Jessica Moore,Employer,6228398867,589 MG Road,745
599,819,Joseph Gonzalez,Friend,6447130966,469 Main Road,478
600,63,James Garcia,Mother,8966117858,877 MG Road,541
601,619,Mary Garcia,Father,6094141319,975 MG Road,585
602,324,Mary Williams,Friend,6581672152,290 Main Road,615
603,1,James Martin,Father,6979180817,480 MG Road,433
604,311,Joseph Garcia,Spouse,6645578862,834 Main Road,529
605,55,Barbara Gonzalez,Employer,7791924571,968 Bazar,320
606,327,Sarah Johnson,Employer,6612316301,830 MG Road,359
607,30,Richard Anderson,Employer,8587687766,177 Bazar,814
608,293,Richard Miller,Employer,9875081394,339 Main Road,649
609,392,William Garcia,Mother,7679858367,2 Bazar,845
610,118,Joseph Lopez,Employer,7983862299,720 MG Road,419
611,843,John Jackson,Father,8170326746,44 Main Road,768
612,615,Elizabeth Jackson,Business Partner,6187594112,364 MG Road,681
613,533,Elizabeth Taylor,Employer,8178673759,134 Main Road,818
614,866,John Garcia,Business Partner,6246066588,774 Bazar,491
615,975,Joseph Garcia,Spouse,9464760043,769 Bazar,425
616,660,John Rodriguez,Father,7845981775,527 Bazar,648
617,39,Richard Lopez,Friend,6813818315,892 MG Road,535
618,178,Sarah Hernandez,Father,7412618166,384 MG Road,776
619,272,Robert Taylor,Friend,7765883135,487 Main Road,419
620,660,Karen Johnson,Mother,6832579251,999 MG Road,687
621,574,Robert Moore,Business Partner,7917255049,544 Bazar,363
622,561,Charles Anderson,Father,8138049007,653 Bazar,616
623,504,Jennifer Johnson,Spouse,9877624352,957 MG Road,391
624,751,Jessica Anderson,Spouse,8751835988,35 Bazar,695
625,236,Karen Jones,Friend,7963090441,733 Main Road,557
626,816,Michael Brown,Father,6711487446,294 Bazar,347
627,627,Sarah Gonzalez,Business Partner,6025100632,669 Main Road,551
628,409,Susan Taylor,Employer,8420407723,332 Main Road,319
629,291,Patricia Brown,Employer,7580216377,233 Main Road,733
630,257,Robert Davis,Father,9586159318,404 Main Road,481
631,705,Patricia Martin,Friend,7042116929,788 Main Road,707
632,699,John Smith,Business Partner,8868099481,559 Main Road,627
633,703,Charles Taylor,Friend,6103684047,457 Bazar,726
634,958,Linda Moore,Father,6715095156,291 MG Road,628
635,492,Charles Jones,Friend,8367347589,143 Bazar,575
636,521,Linda Thomas,Spouse,6375365706,408 MG Road,703
637,724,John Martinez,Father,9736233804,996 Bazar,517
638,882,David Williams,Employer,8934195227,359 Main Road,527
639,39,James Martin,Friend,7256467177,422 Main Road,435
640,286,Thomas Davis,Spouse,8324349961,197 Bazar,387
641,83,Elizabeth Lopez,Father,7720923290,318 Main Road,538
642,219,Elizabeth Martin,Business Partner,9913555664,336 Main Road,455
643,968,William Smith,Father,6968318999,530 Bazar,647
644,615,Sarah Wilson,Spouse,7804909453,541 Main Road,833
645,903,James Taylor,Business Partner,9041416991,368 Bazar,440
646,954,Robert Moore,Mother,7294011514,527 Main Road,600
647,652,Michael Jones,Mother,7770682065,896 MG Road,819
648,660,Jennifer Hernandez,Employer,8679372447,339 Bazar,636
649,87,Patricia Rodriguez,Business Partner,9837253654,856 MG Road,685
650,535,William Johnson,Father,9263175762,696 MG Road,699
651,486,Karen Martinez,Friend,8995432362,958 MG Road,372
652,976,Robert Johnson,Business Partner,6463524591,69 MG Road,745
653,703,Robert Taylor,Mother,9739432966,708 MG Road,656
654,381,Richard Rodriguez,Father,9756204507,609 Bazar,305
655,668,Linda Jackson,Business Partner,9490008796,971 Bazar,766
656,10,Karen Thomas,Business Partner,9637679533,829 MG Road,606
657,627,Robert Garcia,Father,6061909248,874 Main Road,722
658,69,Jennifer Brown,Employer,8881340486,651 Bazar,792
659,711,Barbara Garcia,Spouse,9726298923,257 Main Road,362
660,452,Sarah Moore,Mother,7563974453,637 Bazar,596
661,279,Joseph Jones,Business Partner,7599953231,101 MG Road,423
662,879,Robert Smith,Employer,7746822577,643 Main Road,628
663,6,Charles Jackson,Father,8055781205,40 MG Road,609
664,217,James Lopez,Business Partner,8330536132,311 Main Road,386
665,411,Michael Rodriguez,Spouse,6516295029,327 MG Road,535
666,975,Richard Brown,Business Partner,6664092454,740 Main Road,333
667,208,Susan Smith,Father,6801301170,482 Bazar,839
668,186,Joseph Smith,Employer,6440679592,503 Main Road,346
669,169,William Smith,Mother,8957307028,413 MG Road,630
670,788,Susan Moore,Employer,7973756082,606 Main Road,649
671,163,Charles Jackson,Father,6141658775,59 Main Road,439
672,813,Karen Williams,Friend,8577418047,906 Main Road,792
673,918,Mary Moore,Mother,6609960966,236 Bazar,768
674,567,Robert Lopez,Father,8352204212,198 Bazar,603
675,34,Mary Williams,Friend,6200871756,318 Main Road,710
676,294,Mary Smith,Mother,9696912960,667 Bazar,395
677,385,Mary Gonzalez,Father,6826402229,145 Main Road,393
678,881,Jennifer Rodriguez,Spouse,6835866152,230 Main Road,615
679,864,Charles Lopez,Friend,8174284040,528 Bazar,742
680,958,Thomas Garcia,Friend,9700587615,232 Main Road,794
681,45,Joseph Jones,Spouse,7860017731,187 Main Road,803
682,599,Thomas Jackson,Friend,8263904599,807 Main Road,434
683,876,Mary Hernandez,Business Partner,7434906821,32 Main Road,795
684,144,Thomas Jones,Mother,7669060973,9 Bazar,541
685,346,Jennifer Miller,Mother,8548464745,84 Bazar,828
686,900,Susan Jones,Business Partner,8935032309,966 Main Road,791
687,800,James Jones,Employer,8126637807,261 Bazar,477
688,552,Jennifer Davis,Father,9389160208,196 MG Road,769
689,897,Charles Martin,Business Partner,9408604736,98 MG Road,546
690,64,Susan Lopez,Business Partner,7492959708,883 MG Road,502
691,362,Patricia Anderson,Spouse,8506583453,387 Bazar,602
692,851,Richard Moore,Spouse,8701884401,441 Main Road,407
693,760,Karen Martinez,Friend,9789294287,107 Main Road,532
694,675,Karen Lopez,Father,8832584806,871 Main Road,418
695,665,Jessica Garcia,Spouse,9312792069,5 Main Road,550
696,591,William Anderson,Friend,6625279900,653 MG Road,364
697,232,Linda Miller,Friend,6424527983,291 MG Road,596
698,659,David Wilson,Spouse,8286856358,755 Main Road,806
699,79,John Hernandez,Mother,8538834536,382 Bazar,791
700,980,Linda Smith,Mother,6896584570,263 MG Road,689
701,12,Elizabeth Gonzalez,Mother,8503894997,52 Bazar,793
702,35,Karen Hernandez,Father,6328185859,782 Main Road,442
703,489,David Lopez,Business Partner,9133364646,850 MG Road,714
704,241,Barbara Rodriguez,Father,9336905579,858 Main Road,809
705,817,James Williams,Business Partner,9188712470,879 MG Road,720
706,255,Jennifer Rodriguez,Employer,6972474449,934 Bazar,579
707,719,David Anderson,Father,7596800438,597 Main Road,721
708,707,Charles Martin,Father,9562272634,299 Bazar,435
709,350,Mary Rodriguez,Friend,6341978451,411 MG Road,789
710,79,Michael Garcia,Friend,9753553778,116 Main Road,803
711,111,John Moore,Spouse,7671722262,247 Bazar,315
712,430,Charles Johnson,Friend,8896030477,857 Bazar,745
713,660,John Miller,Father,6776730378,118 MG Road,830
714,469,William Wilson,Business Partner,7627816303,869 Bazar,542
715,331,Patricia Gonzalez,Father,6574118704,745 MG Road,589
716,834,Susan Brown,Father,8469841149,140 Main Road,509
717,211,Karen Miller,Father,8496474799,40 Main Road,655
718,995,Thomas Jones,Mother,8411306220,235 MG Road,306
719,591,William Gonzalez,Mother,7300229374,935 Bazar,383
720,567,Susan Jackson,Spouse,7363739437,596 Bazar,732
721,954,John Wilson,Business Partner,9610143668,776 Bazar,382
722,273,Charles Johnson,Business Partner,8358453086,568 Bazar,429
723,65,Jennifer Smith,Mother,9193328760,643 MG Road,478
724,702,Joseph Miller,Business Partner,7845314446,837 MG Road,690
725,347,Susan Thomas,Business Partner,7606227771,413 Bazar,692
726,362,William Garcia,Father,8544274206,954 Main Road,457
727,167,Joseph Hernandez,Father,9865329096,660 Main Road,594
728,432,David Gonzalez,Friend,6144373414,115 Bazar,727
729,793,Robert Martin,Employer,9812198855,565 Bazar,665
730,911,Sarah Martinez,Employer,8865753497,74 Main Road,666
731,536,Elizabeth Jackson,Father,9810204112,288 Main Road,415
732,391,Thomas Gonzalez,Father,7488246504,186 Main Road,751
733,226,William Martin,Employer,9169811753,523 Main Road,312
734,221,Mary Taylor,Mother,8164427339,639 MG Road,566
735,276,Charles Johnson,Father,8572179581,852 MG Road,625
736,888,William Garcia,Mother,6351200848,989 Bazar,609
737,203,Jennifer Miller,Business Partner,6018383615,483 Main Road,813
738,475,Elizabeth Lopez,Mother,7147021832,812 Bazar,307
739,127,Mary Anderson,Business Partner,7245430552,583 Bazar,348
740,151,Barbara Thomas,Mother,8987564725,676 Main Road,768
741,643,Jennifer Moore,Father,7297714861,913 Main Road,719
742,455,Elizabeth Wilson,Spouse,8600057283,930 MG Road,437
743,366,Patricia Gonzalez,Spouse,9426646215,608 Bazar,823
744,495,William Garcia,Friend,8786462804,950 MG Road,375
745,717,Thomas Martin,Friend,9175285809,161 MG Road,812
746,945,David Taylor,Friend,8417766964,916 Bazar,350
747,411,Susan Wilson,Spouse,7371327601,151 Main Road,828
748,576,Barbara Davis,Father,7056970805,291 Main Road,737
749,838,Joseph Miller,Father,7087571634,859 MG Road,307
750,54,Karen Lopez,Mother,7611317006,357 Bazar,746
751,482,Michael Thomas,Mother,8594994887,813 MG Road,723
752,517,Jessica Gonzalez,Father,9086802267,975 MG Road,827
753,993,Sarah Rodriguez,Spouse,6470031792,319 MG Road,676
754,237,Linda Wilson,Father,9911506489,174 Bazar,743
755,617,James Moore,Employer,8138449868,492 Main Road,806
756,545,Jessica Miller,Spouse,8549864893,872 Main Road,598
757,421,Linda Rodriguez,Mother,8153878337,685 Main Road,535
758,360,Jessica Martinez,Friend,6670584119,962 MG Road,736
759,915,Susan Hernandez,Mother,8105227351,232 Main Road,689
760,332,Barbara Jones,Employer,8426978100,522 MG Road,353
761,82,Jessica Gonzalez,Employer,9448729768,832 Main Road,703
762,882,Susan Thomas,Business Partner,9683565426,128 Main Road,719
763,688,Michael Smith,Business Partner,9214113837,450 Bazar,673
764,588,Robert Hernandez,Friend,9962188269,640 Main Road,779
765,664,Richard Gonzalez,Employer,6209712184,793 MG Road,319
766,175,Joseph Miller,Father,7027020106,477 MG Road,729
767,772,David Williams,Mother,7392364983,321 Bazar,648
768,481,Karen Jackson,Mother,9772159854,383 MG Road,552
769,271,Mary Garcia,Business Partner,6363164503,124 Bazar,361
770,411,Elizabeth Miller,Friend,8683122220,809 Main Road,768
771,759,Charles Martinez,Spouse,9619423516,466 Bazar,776
772,294,Karen Garcia,Business Partner,9380416522,947 MG Road,657
773,40,Michael Brown,Employer,9260282321,179 Main Road,541
774,387,Charles Garcia,Father,8610285030,758 MG Road,739
775,738,Jessica Anderson,Father,9384110341,31 Bazar,706
776,404,Charles Rodriguez,Friend,8584168578,254 Bazar,356
777,131,Sarah Miller,Employer,6602766682,917 Main Road,405
778,730,Jessica Taylor,Employer,9431018690,364 Bazar,479
779,484,Thomas Wilson,Employer,6000857943,654 MG Road,331
780,650,James Martinez,Spouse,6413860484,176 Bazar,752
781,826,Karen Martin,Father,9958278327,912 Bazar,724
782,757,Joseph Williams,Friend,6322490430,253 Main Road,339
783,105,Thomas Brown,Father,6099276384,723 Main Road,506
784,868,Barbara Lopez,Mother,9620672135,506 Bazar,562
785,377,Patricia Jones,Friend,9142721430,722 MG Road,302
786,380,Michael Taylor,Business Partner,8299857639,209 Main Road,756
787,989,Joseph Moore,Business Partner,9689026615,623 Bazar,578
788,112,Barbara Gonzalez,Friend,8545885641,455 Bazar,830
789,23,Thomas Wilson,Employer,7277322880,477 Main Road,428
790,348,Charles Jackson,Friend,7932933090,170 MG Road,501
791,314,Richard Williams,Business Partner,8009827195,524 Bazar,399
792,898,Jessica Thomas,Father,6239182540,879 Bazar,460
793,62,Michael Thomas,Employer,7864499186,265 MG Road,427
794,556,Karen Martinez,Friend,7160214920,483 MG Road,768
795,578,Charles Miller,Employer,8277723061,413 Bazar,557
796,548,Jessica Moore,Friend,9240581437,254 Bazar,465
797,277,Richard Martin,Employer,7911346557,93 Bazar,720
798,547,Barbara Lopez,Father,9729471057,964 MG Road,387
799,168,Jessica Thomas,Mother,6341434449,338 MG Road,848
800,89,Barbara Martin,Father,7197017676,858 MG Road,715
801,656,Patricia Jones,Employer,9561559676,996 MG Road,633
802,712,Patricia Gonzalez,Mother,8594273702,920 Bazar,593
803,349,John Garcia,Employer,7454085755,714 Bazar,376
804,199,James Taylor,Employer,8219319998,868 MG Road,809
805,637,Patricia Brown,Business Partner,7401676010,622 Bazar,822
806,458,Robert Rodriguez,Employer,9184779984,216 Main Road,540
807,978,Mary Wilson,Friend,9707267797,304 MG Road,704
808,959,Jessica Brown,Mother,7011937682,608 Bazar,404
809,976,Michael Martin,Business Partner,8541595820,511 Bazar,699
810,544,Sarah Thomas,Employer,8650273954,621 Main Road,481
811,807,William Miller,Friend,6537162907,318 Bazar,516
812,445,Joseph Hernandez,Mother,6870691439,750 Bazar,675
813,815,Susan Davis,Friend,6431849759,17 Bazar,823
814,698,Charles Anderson,Mother,6871680816,843 Main Road,727
815,973,John Miller,Business Partner,9923901575,682 MG Road,845
816,342,Robert Martinez,Friend,6331127066,590 Main Road,534
817,359,Michael Johnson,Business Partner,9799093769,787 Main Road,760
818,790,Robert Brown,Employer,8003963880,109 Main Road,500
819,300,David Thomas,Employer,7140382896,526 MG Road,782
820,297,Patricia Miller,Spouse,6999733703,126 Bazar,433
821,194,William Wilson,Business Partner,8571515743,172 Bazar,802
822,896,Thomas Davis,Friend,9349178437,51 MG Road,434
823,287,Jessica Brown,Father,9599957723,894 MG Road,348
824,985,Linda Taylor,Mother,8782065091,848 MG Road,525
825,86,John Garcia,Employer,7928949735,927 Bazar,779
826,662,William Rodriguez,Spouse,6742541990,498 Bazar,738
827,684,Karen Wilson,Friend,8942601200,188 Bazar,611
828,154,Thomas Garcia,Mother,8097418570,447 Main Road,524
829,460,Thomas Moore,Business Partner,7070179574,91 MG Road,337
830,838,Susan Wilson,Friend,6440818457,146 Bazar,508
831,710,Jessica Moore,Friend,8380311723,578 Main Road,529
832,206,Sarah Miller,Business Partner,7839832946,761 Bazar,568
833,855,Barbara Martinez,Business Partner,9597166407,557 MG Road,754
834,251,Karen Lopez,Spouse,8359794063,849 Bazar,401
835,425,Richard Brown,Spouse,8419180422,532 Main Road,399
836,28,Thomas Garcia,Business Partner,8655342258,444 Bazar,451
837,635,Robert Martinez,Business Partner,7494497810,612 MG Road,574
838,481,Robert Brown,Spouse,9658334568,917 Bazar,652
839,386,Linda Jones,Business Partner,7449737480,152 Main Road,821
840,731,Thomas Taylor,Spouse,8782149435,977 Bazar,433
841,914,John Jones,Business Partner,7240049585,61 MG Road,517
842,514,Patricia Rodriguez,Father,9373310867,681 Main Road,348
843,611,Sarah Anderson,Mother,6370301738,233 MG Road,410
844,680,Robert Hernandez,Friend,9334977039,720 Bazar,303
845,602,Richard Davis,Business Partner,9373645512,261 Bazar,542
846,426,David Jackson,Spouse,7601409155,643 Bazar,657
847,914,Jessica Smith,Father,9083865701,800 Bazar,772
848,170,Jessica Taylor,Spouse,6909949701,825 Bazar,841
849,729,Joseph Rodriguez,Business Partner,9369646518,346 Bazar,809
850,218,Susan Rodriguez,Father,7078553355,616 MG Road,847
851,414,Elizabeth Smith,Father,8400993478,911 MG Road,317
852,84,Jennifer Jackson,Father,9781613458,50 MG Road,384
853,29,Joseph Jackson,Friend,8804421433,937 MG Road,685
854,402,Karen Smith,Mother,6017682483,343 MG Road,313
855,990,Karen Miller,Mother,9151885611,542 MG Road,406
856,182,Barbara Jones,Employer,7494197315,368 MG Road,326
857,940,Robert Jackson,Employer,6317574963,803 MG Road,643
858,996,Robert Moore,Business Partner,7071193178,252 Bazar,843
859,140,Sarah Hernandez,Spouse,8899554361,721 Bazar,797
860,576,Susan Thomas,Employer,7663679041,729 MG Road,355
861,164,Linda Lopez,Employer,8230923001,939 Bazar,706
862,2,Mary Johnson,Father,6082716023,287 Bazar,703
863,956,Thomas Miller,Spouse,6618367541,728 Main Road,397
864,660,David Johnson,Friend,7799529016,368 MG Road,517
865,759,Michael Hernandez,Friend,6198673445,737 MG Road,404
866,430,David Johnson,Employer,6588930299,614 Bazar,355
867,414,Barbara Brown,Spouse,6573408292,459 MG Road,396
868,672,Robert Thomas,Spouse,6005242849,746 MG Road,448
869,958,Karen Wilson,Business Partner,9308800107,479 Main Road,572
870,138,William Martin,Business Partner,9170692993,325 Main Road,803
871,423,Jessica Williams,Employer,6649044055,830 MG Road,606
872,465,Sarah Jones,Mother,6509391108,749 Bazar,540
873,703,Robert Lopez,Employer,8242505418,796 MG Road,811
874,415,Patricia Jones,Employer,9160622000,133 Main Road,300
875,440,Barbara Davis,Business Partner,7650600632,952 Main Road,407
876,151,John Brown,Mother,6928413798,861 Main Road,456
877,515,John Rodriguez,Business Partner,9583226032,536 MG Road,458
878,169,Karen Taylor,Mother,9097840569,759 Main Road,825
879,476,William Anderson,Spouse,9258963001,275 MG Road,430
880,861,Elizabeth Smith,Spouse,7058097246,545 Main Road,491
881,731,Thomas Taylor,Mother,7029483718,850 Main Road,379
882,83,Barbara Moore,Business Partner,9334898655,176 Main Road,308
883,161,William Lopez,Mother,8241945153,378 Bazar,479
884,226,Elizabeth Martinez,Friend,9443779020,235 Bazar,518
885,176,John Williams,Father,8650252440,780 Main Road,792
886,34,John Williams,Friend,9733109051,152 Bazar,543
887,918,Charles Gonzalez,Mother,9492669599,654 MG Road,317
888,928,Patricia Johnson,Friend,8717607082,445 MG Road,540
889,504,Thomas Lopez,Spouse,7830552150,473 MG Road,475
890,223,Mary Williams,Friend,8138161403,996 Main Road,530
891,35,Robert Brown,Mother,6122951080,853 Main Road,713
892,241,Jennifer Wilson,Friend,9890282232,240 Bazar,680
893,979,Thomas Martin,Spouse,8204935300,251 MG Road,832
894,713,Richard Martinez,Business Partner,7768671151,278 MG Road,428
895,399,Susan Davis,Father,7450174653,605 Main Road,817
896,660,Linda Garcia,Employer,6650964942,240 MG Road,365
897,492,Jessica Thomas,Mother,7855753271,761 Main Road,543
898,216,David Rodriguez,Friend,8364702080,89 Main Road,651
899,846,David Thomas,Employer,7372407018,569 Main Road,348
900,391,Richard Taylor,Business Partner,7623085212,388 MG Road,698
901,668,Sarah Lopez,Father,8077611058,380 Main Road,729
902,215,Sarah Gonzalez,Business Partner,6749101915,232 MG Road,847
903,566,William Williams,Father,8847726179,986 MG Road,778
904,585,Barbara Moore,Father,8983419285,281 Bazar,678
905,426,Susan Johnson,Mother,7357899270,437 Bazar,485
906,911,Michael Moore,Father,6661354440,348 Main Road,680
907,493,Sarah Williams,Friend,8540941968,293 Main Road,497
908,154,Karen Lopez,Father,9977891365,286 Bazar,719
909,468,Elizabeth Anderson,Father,8800884643,154 MG Road,777
910,373,Richard Brown,Employer,9944684885,42 Main Road,488
911,285,William Gonzalez,Mother,9178184320,777 Main Road,392
912,437,Jessica Rodriguez,Employer,7984205845,283 Bazar,666
913,801,Sarah Davis,Employer,7653659907,45 Main Road,819
914,207,Patricia Taylor,Mother,9893529176,779 MG Road,409
915,560,Patricia Martinez,Employer,9872792498,382 MG Road,733
916,108,Sarah Anderson,Employer,8515185353,437 MG Road,559
917,675,William Smith,Friend,9031316395,39 Bazar,837
918,575,Jennifer Martinez,Friend,8862841331,605 MG Road,444
919,169,Karen Thomas,Employer,9434430867,211 MG Road,385
920,457,Charles Garcia,Business Partner,6779322431,734 Bazar,506
921,745,Charles Moore,Employer,9722370738,730 MG Road,824
922,361,Barbara Davis,Mother,8058365396,509 Bazar,777
923,486,Mary Lopez,Spouse,8841363938,828 MG Road,515
924,942,Joseph Williams,Employer,6323927666,794 Bazar,691
925,147,Elizabeth Thomas,Friend,7752500998,699 Main Road,307
926,347,Michael Rodriguez,Employer,8795146484,493 Main Road,749
927,258,Elizabeth Hernandez,Father,6235873616,111 Bazar,665
928,584,Sarah Rodriguez,Spouse,7550188524,357 Main Road,642
929,954,Susan Jones,Mother,6752015629,852 MG Road,766
930,584,Patricia Rodriguez,Business Partner,8902106133,14 MG Road,831
931,663,Richard Rodriguez,Mother,9079473400,354 Bazar,780
932,77,Susan Williams,Friend,6063803522,961 MG Road,783
933,789,Jennifer Thomas,Mother,6236960059,862 MG Road,563
934,368,David Martinez,Friend,8477557337,768 Main Road,476
935,442,John Rodriguez,Mother,7154237098,316 Bazar,516
936,952,Karen Rodriguez,Father,9165881009,464 Main Road,806
937,165,Michael Johnson,Employer,8636084630,404 MG Road,442
938,657,Susan Jackson,Spouse,7181244651,393 Main Road,670
939,95,Joseph Miller,Friend,6576505575,256 Main Road,437
940,691,Linda Taylor,Mother,6868651116,559 Bazar,458
941,342,Susan Hernandez,Employer,7085194291,443 Main Road,502
942,494,Susan Taylor,Mother,8265076449,484 Main Road,457
943,656,David Martin,Spouse,6852567145,492 MG Road,678
944,582,Patricia Moore,Father,7502472662,997 Bazar,301
945,899,Thomas Rodriguez,Employer,8944529475,694 Bazar,581
946,503,Susan Gonzalez,Business Partner,6694476752,495 MG Road,776
947,134,William Moore,Employer,7745661408,196 Main Road,451
948,186,Patricia Wilson,Employer,9986313505,233 MG Road,805
949,369,Michael Gonzalez,Father,7144042218,209 MG Road,701
950,981,Karen Martin,Spouse,6935884774,481 Main Road,824
951,553,Robert Martinez,Father,8622271675,758 Bazar,390
952,618,William Brown,Mother,9692542412,167 Bazar,630
953,761,Elizabeth Anderson,Father,7043244190,263 Bazar,496
954,807,John Jackson,Mother,7718701172,711 Main Road,469
955,567,Charles Taylor,Mother,9777758622,92 Main Road,557
956,800,Elizabeth Martin,Spouse,7537816277,626 Bazar,820
957,991,Richard Thomas,Mother,9651582108,587 MG Road,399
958,110,Robert Brown,Employer,7680416101,69 Bazar,777
959,192,James Johnson,Father,6058040309,141 Bazar,489
960,479,Patricia Moore,Mother,6572486754,985 Bazar,314
961,595,Elizabeth Rodriguez,Friend,9213566061,504 Main Road,322
962,986,Jessica Lopez,Father,9684917949,775 Main Road,713
963,847,John Jones,Business Partner,6538726328,259 Main Road,411
964,287,John Williams,Friend,8125845585,210 Bazar,737
965,731,Elizabeth Hernandez,Father,7699476205,512 Main Road,382
966,978,Elizabeth Gonzalez,Business Partner,6471891919,101 Main Road,773
967,390,Charles Gonzalez,Employer,6905067941,638 MG Road,415
968,31,Karen Moore,Business Partner,9016808000,611 Bazar,500
969,708,Karen Anderson,Business Partner,6821971218,582 Main Road,457
970,469,Michael Wilson,Friend,7288948766,99 MG Road,346
971,732,William Lopez,Father,7123519605,466 Main Road,581
972,141,William Miller,Employer,6978301290,891 Main Road,544
973,599,James Smith,Friend,6526779116,953 Bazar,514
974,428,David Jackson,Father,8697759664,928 MG Road,742
975,108,Thomas Miller,Spouse,9362231962,355 Main Road,746
976,891,Charles Rodriguez,Spouse,8011314276,958 MG Road,303
977,484,Karen Garcia,Mother,9799979644,781 Main Road,643
978,329,Patricia Johnson,Friend,6710127798,337 Bazar,560
979,671,Barbara Anderson,Father,6716743831,506 Bazar,488
980,705,Charles Jones,Father,7322351827,467 Main Road,432
981,163,Thomas Martin,Business Partner,8235983984,584 Bazar,491
982,705,William Garcia,Employer,6067004521,203 MG Road,344
983,892,Thomas Martinez,Friend,6512106854,455 Main Road,482
984,428,David Jackson,Employer,6931705497,527 Bazar,758
985,656,Thomas Moore,Employer,9874304105,328 Bazar,440
986,560,Patricia Taylor,Employer,8521532313,404 Main Road,765
987,917,Robert Anderson,Father,8216636609,964 Main Road,325
988,682,Thomas Williams,Spouse,7819394650,256 Main Road,356
989,561,James Lopez,Business Partner,8051380794,606 MG Road,745
990,211,Linda Jackson,Mother,8755655972,651 Bazar,468
991,627,Thomas Williams,Father,8264960943,398 MG Road,574
992,727,Michael Moore,Father,8997068875,922 MG Road,395
993,732,Thomas Johnson,Business Partner,8941199204,739 MG Road,840
994,679,Richard Hernandez,Father,6874911027,885 MG Road,697
995,651,Richard Gonzalez,Business Partner,7444305072,669 Main Road,808
996,348,Patricia Moore,Spouse,9031408055,829 MG Road,505
997,539,John Martinez,Employer,6098637060,15 Main Road,714
998,914,Susan Davis,Business Partner,6592652741,134 Main Road,412
999,885,Susan Smith,Mother,6645697230,213 Main Road,804
1000,597,Charles Rodriguez,Spouse,6249237234,969 Main Road,561
